SET SQL_MODE = "NO_AUTO_VALUE_ON_ZERO";
SET time_zone = "+00:00";

/*!40101 SET @OLD_CHARACTER_SET_CLIENT=@@CHARACTER_SET_CLIENT */;
/*!40101 SET @OLD_CHARACTER_SET_RESULTS=@@CHARACTER_SET_RESULTS */;
/*!40101 SET @OLD_COLLATION_CONNECTION=@@COLLATION_CONNECTION */;
/*!40101 SET NAMES utf8 */;


INSERT INTO `acl_groups` (`id`, `title`, `active`) VALUES
(1, 'Administrators', 1),
(2, 'Physicians', 1),
(3, 'Administrative', 1),
(4, 'Emergency Access', 1),
(5, 'Nurse', 1);

INSERT INTO `acl_permissions` (`id`, `perm_key`, `perm_name`, `perm_cat`, `seq`, `active`) VALUES
(1, 'access_calendar', 'Access Calendar', 'Calendar', 1, 1),
(2, 'add_appointments', 'Add Appointments', 'Calendar', 2, 1),
(3, 'remove_appointments', 'Remove Appointments', 'Calendar', 3, 1),
(4, 'access_demographics', 'Access Demographics', 'Demographics', 1, 1),
(5, 'edit_demographics', 'Edit Demographics', 'Demographics', 2, 1),
(6, 'access_documents', 'Access Documents', 'Documents', 1, 1),
(7, 'add_documents', 'Add Documents', 'Documents', 2, 1),
(8, 'delete_documents', 'Delete Documents', 'Documents', 3, 1),
(9, 'open_documents', 'Open Documents', 'Documents', 4, 1),
(10, 'rename_documents', 'Rename Documents', 'Documents', 5, 1),
(11, 'access_eprescription', 'Access ePrescription', 'ePrescription', 1, 1),
(12, 'access_eprescription_transaction', 'Access ePrescription Transaction', 'ePrescription', 2, 1),
(13, 'emergency_access', 'Emergency Access', 'Patients', 1, 1),
(14, 'add_patient', 'Add Patient', 'Patients', 2, 1),
(15, 'access_patient_summary', 'Access Patient Summary', 'Patients', 3, 1),
(16, 'inactive_patient', 'Inactive Patient', 'Patients', 4, 1),
(17, 'access_patient_search', 'Access Patient Search', 'Patients', 4, 1),
(18, 'access_encounters', 'Access Encounters', 'Encounters', 1, 1),
(19, 'add_encounters', 'Add Encounters', 'Encounters', 2, 1),
(20, 'edit_encounters', 'Edit Encounters', 'Encounters', 3, 1),
(34, 'access_dashboard', 'Access Dashboard', 'Dashboard', 1, 1),
(35, 'access_messages', 'Access Messages', 'General', 2, 1),
(36, 'access_gloabal_settings', 'Access to Global Settings', 'Administrators', 1, 1),
(37, 'access_facilities', 'Access to Facilities', 'Administrators', 2, 1),
(38, 'access_users', 'Access to Users', 'Administrators', 3, 1),
(39, 'access_practice', 'Access to Practice', 'Administrators', 4, 1),
(40, 'access_preventive_care', 'Access to Preventive Care', 'Administrators', 5, 1),
(41, 'access_roles', 'Access to Roles', 'Administrators', 6, 1),
(42, 'access_layouts', 'Access to Layouts', 'Administrators', 7, 1),
(43, 'access_lists', 'Access to Lists', 'Administrators', 8, 1),
(44, 'access_event_log', 'Access to Event Log', 'Administrators', 9, 1),
(45, 'access_patient_visits', 'Access Patient Visits', 'Patients', 3, 1),
(46, 'add_vitals', 'Add Vitals', 'Encounters', 6, 1),
(47, 'access_encounter_checkout', 'Access Encounter Checkout', 'Encounters', 50, 1),
(48, 'access_medications', 'Access Medications', 'Administrators', 1, 1),
(49, 'access_data_manager', 'Access to Data Maneger', 'Administrators', 5, 1),
(50, 'access_visit_checkout', 'Visit Checkout', 'Encounters', 50, 1),
(52, 'access_poolcheckin', 'Access Check In', 'Pool Areas', 3, 1),
(53, 'access_pooltriage', 'Access Triage', 'Pool Areas', 4, 1),
(54, 'access_poolphysician', 'Access Physician', 'Pool Areas', 5, 1),
(55, 'access_poolcheckout', 'Access Check Out', 'Pool Areas', 6, 1),
(56, 'access_pool_areas_panel', 'Access Pool Areas Panel', 'Pool Areas', 2, 1),
(57, 'use_pool_areas', 'Use Pool Areas', 'Pool Areas', 1, 1),
(59, 'override_readonly', 'Override Read Only', 'Patients', 10, 1),
(60, 'access_floor_plans', 'Access to Floor Plans', 'Administrators', 6, 1),
(72, 'access_review_of_systems', 'Access Review of Systems', 'Encounters', 0, 1),
(73, 'access_review_of_systems_checks', 'Access Review of Systems Checks', 'Encounters', 0, 1),
(74, 'access_soap', 'Access SOAP', 'Encounters', 0, 1),
(75, 'access_itmes_to_review', 'Access Items ot Review', 'Encounters', 0, 1),
(77, 'access_enc_hcfa', 'Access HCFA', 'Encounters', 0, 1),
(78, 'access_enc_cpt', 'Access CPT', 'Encounters', 0, 1),
(79, 'access_enc_history', 'Access Encounter History', 'Encounters', 0, 1),
(80, 'access_patient_notes', 'Access Patient Notes', 'Patients', 0, 1),
(81, 'access_patient_reminders', 'Access Patient Reminders', 'Patients', 0, 1),
(82, 'access_patient_history', 'Access Patient History', 'Patients', 0, 1),
(83, 'access_patient_billing', 'Access Patient Billing', 'Patients', 0, 1),
(84, 'access_patient_preventive_care_alerts', 'Access Patient Preventive Care Alerts', 'Patients', 0, 1),
(85, 'access_patient_vitals', 'Access Patient Vitals', 'Patients', 0, 1),
(87, 'access_patient_documents', 'Access Patient Documents', 'Patients', 0, 1),
(88, 'access_patient_disclosures', 'Access Patient Disclosures', 'Patients', 0, 1),
(89, 'edit_enc_hcfa', 'Edit HCFA', 'Encounters', 0, 1),
(90, 'sign_enc', 'Sign Encounter', 'Encounters', 0, 1),
(91, 'sign_enc_supervisor', 'Sign Encounter (Supervisor)', 'Encounters', 0, 1),
(92, 'require_enc_supervisor', 'Require Encounter Supervisor', 'Encounters', 0, 1),
(93, 'access_family_history', 'Access Family History', 'Encounters', 1, 1),
(94, 'edit_family_history', 'Edit Family History', 'Encounters', 1, 1),
(95, 'access_patient_ccd', 'Access Patient CCD', 'Patients', 0, 1),
(96, 'access_patient_calendar_events', 'Access Patient Calendar Events', 'Patients', 0, 1),
(97, 'access_active_problems', 'Access Active Problems', 'Encounters', 1, 1),
(98, 'access_patient_allergies', 'Access Patient Allergies', 'Encounters', 1, 1),
(99, 'access_patient_immunizations', 'Access Patient Immunizations', 'Encounters', 1, 1),
(100, 'access_patient_medications', 'Access Patient Medications', 'Encounters', 1, 1),
(101, 'access_floor_plan_panel', 'Access Floor Plan Panel', 'Pool Areas', 2, 1),
(102, 'create_emergency_encounter', 'Create Emergency Encounter', 'Encounters', 1, 1),
(103, 'access_patient_visit_checkout', 'Access Patient Visit Checkout', 'Patients', 0, 1),
(105, 'access_web_search', 'Access Web Search', 'Miscellaneous', 2, 1),
(106, 'access_address_book', 'Access Address Book', 'Miscellaneous', 2, 1),
(107, 'access_office_notes', 'Access Office Notes', 'Miscellaneous', 2, 1),
(108, 'access_admin_hl7', 'Administer HL7 Server', 'Administrators', 6, 1),
(109, 'access_admin_external_data', 'Administer External Data', 'Administrators', 6, 1),
(110, 'access_admin_applications', 'Administer Applications', 'Administrators', 6, 1),
(111, 'access_admin_modules', 'Administer Modules', 'Administrators', 6, 1),
(112, 'access_admin_encryption', 'Access Encryption Panel', 'Administrators', 6, 1),
(113, 'access_to_other_facilities', 'Access To Other Facilities', 'General', 2, 1),
(114, 'access_clinical_decision_support', 'Access Clinical Decision Support', 'Encounters', 3, 1),
(115, 'access_admin_patients_export', 'Access Patients Export Panel', 'Administrators', 6, 1),
(116, 'delete_patient_documents', 'Delete Patient Documents', 'Patients', 0, 1),
(123, 'dental_access_chart', 'Access Dental Chart', 'Dental Module', 2, 1),
(124, 'dental_edit_chart', 'Edit Dental Chart', 'Dental Module', 3, 1),
(125, 'dental_access_probing', 'Access Probing Chart', 'Dental Module', 4, 1),
(126, 'dental_edit_probing', 'Edit Probing Chart', 'Dental Module', 5, 1),
(127, 'dental_access_ceph', 'Access Ceph Panel', 'Dental Module', 6, 1),
(128, 'dental_edit_ceph', 'Edit Ceph Panel', 'Dental Module', 7, 1),
(129, 'exr_module_access', 'Access ePrescription Module', 'eRx Module', 1, 0),
(130, 'dental_module_access', 'Access Dental Module', 'Dental Module', 1, 1),
(131, 'view_dashboard_new_results', 'New Results', 'Dashboard', 1, 1),
(132, 'view_dashboard_daily_visits', 'Daily Visits', 'Dashboard', 1, 1);

INSERT INTO `acl_roles` (`id`, `role_name`, `seq`, `group_id`, `active`) VALUES
(8, 'Super Admin', 0, 1, NULL),
(9, 'Jr Admin', 0, 1, NULL),
(10, 'Dentist', 0, 2, NULL),
(11, 'Check In', 0, 3, NULL),
(12, 'Physician Emer', 0, 4, NULL),
(13, 'Referrer', 0, 2, NULL),
(14, 'Doctor', 0, 2, NULL),
(15, 'Junior Nurse', 0, 5, NULL),
(16, 'Register Nurse', 0, 5, NULL);

INSERT INTO `acl_role_perms` (`id`, `value`, `role_id`, `perm_id`, `add_date`) VALUES
(508, 1, 8, 1, NULL),
(509, 0, 9, 1, NULL),
(510, 1, 8, 2, NULL),
(511, 0, 9, 2, NULL),
(512, 1, 8, 3, NULL),
(513, 0, 9, 3, NULL),
(514, 1, 8, 4, NULL),
(515, 0, 9, 4, NULL),
(516, 1, 8, 5, NULL),
(517, 0, 9, 5, NULL),
(518, 1, 8, 6, NULL),
(519, 0, 9, 6, NULL),
(520, 1, 8, 7, NULL),
(521, 0, 9, 7, NULL),
(522, 1, 8, 8, NULL),
(523, 0, 9, 8, NULL),
(524, 1, 8, 9, NULL),
(525, 0, 9, 9, NULL),
(526, 1, 8, 10, NULL),
(527, 0, 9, 10, NULL),
(528, 1, 8, 11, NULL),
(529, 0, 9, 11, NULL),
(530, 1, 8, 12, NULL),
(531, 0, 9, 12, NULL),
(532, 1, 8, 13, NULL),
(533, 0, 9, 13, NULL),
(534, 1, 8, 14, NULL),
(535, 0, 9, 14, NULL),
(536, 1, 8, 15, NULL),
(537, 0, 9, 15, NULL),
(538, 1, 8, 16, NULL),
(539, 0, 9, 16, NULL),
(540, 1, 8, 17, '0000-00-00 00:00:00'),
(541, 0, 9, 17, '0000-00-00 00:00:00'),
(542, 1, 8, 18, NULL),
(543, 0, 9, 18, NULL),
(544, 1, 8, 19, NULL),
(545, 0, 9, 19, NULL),
(546, 1, 8, 20, NULL),
(547, 0, 9, 20, NULL),
(548, 1, 8, 34, NULL),
(549, 0, 9, 34, NULL),
(550, 1, 8, 35, NULL),
(551, 0, 9, 35, NULL),
(552, 1, 8, 36, '0000-00-00 00:00:00'),
(553, 1, 9, 36, '0000-00-00 00:00:00'),
(554, 1, 8, 37, '0000-00-00 00:00:00'),
(555, 1, 9, 37, '0000-00-00 00:00:00'),
(556, 1, 8, 38, '0000-00-00 00:00:00'),
(557, 1, 9, 38, '0000-00-00 00:00:00'),
(558, 1, 8, 39, '0000-00-00 00:00:00'),
(559, 1, 9, 39, '0000-00-00 00:00:00'),
(560, 1, 8, 40, '0000-00-00 00:00:00'),
(561, 1, 9, 40, '0000-00-00 00:00:00'),
(562, 1, 8, 41, '0000-00-00 00:00:00'),
(563, 1, 9, 41, '0000-00-00 00:00:00'),
(564, 1, 8, 42, '0000-00-00 00:00:00'),
(565, 1, 9, 42, '0000-00-00 00:00:00'),
(566, 1, 8, 43, '0000-00-00 00:00:00'),
(567, 1, 9, 43, '0000-00-00 00:00:00'),
(568, 1, 8, 44, '0000-00-00 00:00:00'),
(569, 1, 9, 44, '0000-00-00 00:00:00'),
(570, 1, 8, 45, NULL),
(571, 0, 9, 45, NULL),
(572, 1, 8, 46, NULL),
(573, 0, 9, 46, NULL),
(574, 1, 8, 47, NULL),
(575, 0, 9, 47, NULL),
(576, 1, 8, 48, '0000-00-00 00:00:00'),
(577, 1, 9, 48, '0000-00-00 00:00:00'),
(578, 1, 8, 49, '0000-00-00 00:00:00'),
(579, 1, 9, 49, '0000-00-00 00:00:00'),
(580, 1, 8, 50, NULL),
(581, 0, 9, 50, NULL),
(582, 1, 8, 52, NULL),
(583, 0, 9, 52, NULL),
(584, 1, 8, 53, NULL),
(585, 0, 9, 53, NULL),
(586, 1, 8, 54, NULL),
(587, 0, 9, 54, NULL),
(588, 1, 8, 55, NULL),
(589, 0, 9, 55, NULL),
(590, 1, 8, 56, NULL),
(591, 0, 9, 56, NULL),
(592, 1, 8, 57, NULL),
(593, 0, 9, 57, NULL),
(594, 1, 8, 59, NULL),
(595, 0, 9, 59, NULL),
(596, 1, 8, 60, '0000-00-00 00:00:00'),
(597, 1, 9, 60, '0000-00-00 00:00:00'),
(598, 1, 8, 72, NULL),
(599, 0, 9, 72, NULL),
(600, 1, 8, 73, NULL),
(601, 0, 9, 73, NULL),
(602, 1, 8, 74, NULL),
(603, 0, 9, 74, NULL),
(604, 1, 8, 75, NULL),
(605, 0, 9, 75, NULL),
(606, 1, 8, 77, NULL),
(607, 0, 9, 77, NULL),
(608, 1, 8, 78, NULL),
(609, 0, 9, 78, NULL),
(610, 1, 8, 79, NULL),
(611, 0, 9, 79, NULL),
(612, 1, 8, 80, NULL),
(613, 0, 9, 80, NULL),
(614, 1, 8, 81, NULL),
(615, 0, 9, 81, NULL),
(616, 1, 8, 82, NULL),
(617, 0, 9, 82, NULL),
(618, 1, 8, 83, NULL),
(619, 0, 9, 83, NULL),
(620, 1, 8, 84, NULL),
(621, 0, 9, 84, NULL),
(622, 1, 8, 85, NULL),
(623, 0, 9, 85, NULL),
(624, 1, 8, 87, NULL),
(625, 0, 9, 87, NULL),
(626, 1, 8, 88, NULL),
(627, 0, 9, 88, NULL),
(628, 1, 8, 89, NULL),
(629, 0, 9, 89, NULL),
(630, 1, 8, 90, NULL),
(631, 0, 9, 90, NULL),
(632, 1, 8, 91, NULL),
(633, 0, 9, 91, NULL),
(634, 1, 8, 92, NULL),
(635, 0, 9, 92, NULL),
(636, 1, 8, 93, NULL),
(637, 0, 9, 93, NULL),
(638, 1, 8, 94, NULL),
(639, 0, 9, 94, NULL),
(640, 1, 8, 95, NULL),
(641, 0, 9, 95, NULL),
(642, 1, 8, 96, NULL),
(643, 0, 9, 96, NULL),
(644, 1, 8, 97, NULL),
(645, 0, 9, 97, NULL),
(646, 1, 8, 98, NULL),
(647, 0, 9, 98, NULL),
(648, 1, 8, 99, NULL),
(649, 0, 9, 99, NULL),
(650, 1, 8, 100, NULL),
(651, 0, 9, 100, NULL),
(652, 1, 8, 101, NULL),
(653, 0, 9, 101, NULL),
(654, 1, 8, 102, NULL),
(655, 0, 9, 102, NULL),
(656, 1, 8, 103, NULL),
(657, 0, 9, 103, NULL),
(658, 1, 8, 105, NULL),
(659, 0, 9, 105, NULL),
(660, 1, 8, 106, NULL),
(661, 0, 9, 106, NULL),
(662, 1, 8, 107, NULL),
(663, 0, 9, 107, NULL),
(664, 1, 8, 108, '0000-00-00 00:00:00'),
(665, 1, 9, 108, '0000-00-00 00:00:00'),
(666, 1, 8, 109, '0000-00-00 00:00:00'),
(667, 1, 9, 109, '0000-00-00 00:00:00'),
(668, 1, 8, 110, '0000-00-00 00:00:00'),
(669, 1, 9, 110, '0000-00-00 00:00:00'),
(670, 1, 8, 111, '0000-00-00 00:00:00'),
(671, 1, 9, 111, '0000-00-00 00:00:00'),
(672, 1, 8, 112, '0000-00-00 00:00:00'),
(673, 1, 9, 112, '0000-00-00 00:00:00'),
(674, 1, 8, 113, NULL),
(675, 0, 9, 113, NULL),
(676, 1, 8, 114, NULL),
(677, 0, 9, 114, NULL),
(678, 1, 8, 115, '0000-00-00 00:00:00'),
(679, 1, 9, 115, '0000-00-00 00:00:00'),
(680, 1, 8, 116, NULL),
(681, 0, 9, 116, NULL),
(682, 1, 10, 1, '0000-00-00 00:00:00'),
(683, 1, 10, 2, '0000-00-00 00:00:00'),
(684, 1, 10, 3, '0000-00-00 00:00:00'),
(685, 1, 10, 4, NULL),
(686, 1, 10, 5, NULL),
(687, 1, 10, 6, '0000-00-00 00:00:00'),
(688, 1, 10, 7, NULL),
(689, 1, 10, 8, NULL),
(690, 1, 10, 9, '0000-00-00 00:00:00'),
(691, 1, 10, 10, NULL),
(692, 1, 10, 18, '0000-00-00 00:00:00'),
(693, 1, 10, 19, '0000-00-00 00:00:00'),
(694, 1, 10, 20, '0000-00-00 00:00:00'),
(695, 1, 10, 46, '0000-00-00 00:00:00'),
(696, 1, 10, 47, '0000-00-00 00:00:00'),
(697, 1, 10, 50, '0000-00-00 00:00:00'),
(698, 1, 10, 72, '0000-00-00 00:00:00'),
(699, 1, 10, 73, '0000-00-00 00:00:00'),
(700, 1, 10, 74, '0000-00-00 00:00:00'),
(701, 1, 10, 75, '0000-00-00 00:00:00'),
(702, 1, 10, 77, '0000-00-00 00:00:00'),
(703, 1, 10, 78, '0000-00-00 00:00:00'),
(704, 1, 10, 79, '0000-00-00 00:00:00'),
(705, 1, 10, 89, '0000-00-00 00:00:00'),
(706, 1, 10, 90, '0000-00-00 00:00:00'),
(707, 1, 10, 91, '0000-00-00 00:00:00'),
(708, 1, 10, 93, '0000-00-00 00:00:00'),
(709, 1, 10, 94, '0000-00-00 00:00:00'),
(710, 1, 10, 97, '0000-00-00 00:00:00'),
(711, 1, 10, 98, '0000-00-00 00:00:00'),
(712, 1, 10, 99, '0000-00-00 00:00:00'),
(713, 1, 10, 100, '0000-00-00 00:00:00'),
(714, 1, 10, 102, '0000-00-00 00:00:00'),
(715, 1, 10, 114, '0000-00-00 00:00:00'),
(716, 1, 10, 34, '0000-00-00 00:00:00'),
(717, 1, 10, 35, '0000-00-00 00:00:00'),
(718, 1, 10, 113, '0000-00-00 00:00:00'),
(719, 1, 10, 105, '0000-00-00 00:00:00'),
(720, 1, 10, 106, '0000-00-00 00:00:00'),
(721, 1, 10, 107, '0000-00-00 00:00:00'),
(722, 1, 10, 14, '0000-00-00 00:00:00'),
(723, 1, 10, 15, '0000-00-00 00:00:00'),
(724, 1, 10, 16, '0000-00-00 00:00:00'),
(725, 1, 10, 17, '0000-00-00 00:00:00'),
(726, 1, 10, 45, '0000-00-00 00:00:00'),
(727, 1, 10, 59, '0000-00-00 00:00:00'),
(728, 1, 10, 80, '0000-00-00 00:00:00'),
(729, 1, 10, 81, '0000-00-00 00:00:00'),
(730, 1, 10, 82, '0000-00-00 00:00:00'),
(731, 1, 10, 83, '0000-00-00 00:00:00'),
(732, 1, 10, 84, '0000-00-00 00:00:00'),
(733, 1, 10, 85, '0000-00-00 00:00:00'),
(734, 1, 10, 87, '0000-00-00 00:00:00'),
(735, 1, 10, 88, '0000-00-00 00:00:00'),
(736, 1, 10, 95, '0000-00-00 00:00:00'),
(737, 1, 10, 96, '0000-00-00 00:00:00'),
(738, 1, 10, 103, '0000-00-00 00:00:00'),
(739, 1, 10, 116, '0000-00-00 00:00:00'),
(740, 1, 10, 54, '0000-00-00 00:00:00'),
(741, 1, 10, 57, '0000-00-00 00:00:00'),
(742, 1, 10, 101, '0000-00-00 00:00:00'),
(743, 1, 10, 11, '0000-00-00 00:00:00'),
(744, 1, 10, 12, '0000-00-00 00:00:00'),
(745, 1, 11, 4, NULL),
(746, 1, 11, 5, NULL),
(747, 1, 11, 13, NULL),
(748, 1, 11, 14, NULL),
(749, 1, 11, 15, NULL),
(750, 1, 11, 16, NULL),
(751, 1, 11, 17, NULL),
(752, 1, 11, 45, NULL),
(753, 1, 11, 59, NULL),
(754, 1, 11, 80, NULL),
(755, 1, 11, 81, NULL),
(756, 1, 11, 82, NULL),
(757, 1, 11, 83, NULL),
(758, 1, 11, 87, NULL),
(759, 1, 11, 88, NULL),
(760, 1, 11, 95, NULL),
(761, 1, 11, 96, NULL),
(762, 1, 11, 103, NULL),
(763, 1, 11, 116, NULL),
(764, 1, 11, 52, NULL),
(765, 1, 12, 18, NULL),
(766, 1, 12, 19, NULL),
(767, 1, 12, 20, NULL),
(768, 1, 12, 46, NULL),
(769, 1, 12, 47, NULL),
(770, 1, 12, 50, NULL),
(771, 1, 12, 72, NULL),
(772, 1, 12, 73, NULL),
(773, 1, 12, 74, NULL),
(774, 1, 12, 75, NULL),
(775, 1, 12, 77, NULL),
(776, 1, 12, 78, NULL),
(777, 1, 12, 79, NULL),
(778, 1, 12, 89, NULL),
(779, 1, 12, 90, NULL),
(780, 1, 12, 91, NULL),
(781, 1, 12, 92, NULL),
(782, 1, 12, 93, NULL),
(783, 1, 12, 94, NULL),
(784, 1, 12, 97, NULL),
(785, 1, 12, 98, NULL),
(786, 1, 12, 99, NULL),
(787, 1, 12, 100, NULL),
(788, 1, 12, 102, NULL),
(789, 1, 12, 114, NULL),
(790, 1, 13, 6, '0000-00-00 00:00:00'),
(791, 1, 13, 9, '0000-00-00 00:00:00'),
(792, 1, 15, 18, NULL),
(793, 1, 16, 18, NULL),
(794, 0, 15, 19, NULL),
(795, 1, 16, 19, NULL),
(796, 0, 15, 20, NULL),
(797, 1, 16, 20, NULL),
(798, 1, 15, 46, NULL),
(799, 1, 16, 46, NULL),
(800, 1, 15, 47, NULL),
(801, 1, 16, 47, NULL),
(802, 1, 15, 50, NULL),
(803, 1, 16, 50, NULL),
(804, 1, 15, 72, NULL),
(805, 1, 16, 72, NULL),
(806, 1, 15, 73, NULL),
(807, 1, 16, 73, NULL),
(808, 0, 15, 74, NULL),
(809, 1, 16, 74, NULL),
(810, 0, 15, 75, NULL),
(811, 1, 16, 75, NULL),
(812, 0, 15, 77, NULL),
(813, 1, 16, 77, NULL),
(814, 0, 15, 78, NULL),
(815, 1, 16, 78, NULL),
(816, 1, 15, 79, NULL),
(817, 1, 16, 79, NULL),
(818, 0, 15, 89, NULL),
(819, 1, 16, 89, NULL),
(820, 1, 15, 92, NULL),
(821, 0, 16, 92, NULL),
(822, 1, 15, 93, NULL),
(823, 1, 16, 93, NULL),
(824, 1, 15, 94, NULL),
(825, 1, 16, 94, NULL),
(826, 1, 15, 97, NULL),
(827, 1, 16, 97, NULL),
(828, 1, 15, 98, NULL),
(829, 1, 16, 98, NULL),
(830, 1, 15, 99, NULL),
(831, 1, 16, 99, NULL),
(832, 1, 15, 100, NULL),
(833, 1, 16, 100, NULL),
(834, 1, 15, 102, NULL),
(835, 1, 16, 102, NULL),
(836, 1, 15, 114, NULL),
(837, 1, 16, 114, NULL),
(838, 1, 15, 105, NULL),
(839, 1, 16, 105, NULL),
(840, 1, 15, 13, NULL),
(841, 1, 16, 13, NULL),
(842, 1, 15, 14, NULL),
(843, 1, 16, 14, NULL),
(844, 1, 15, 15, NULL),
(845, 1, 16, 15, NULL),
(846, 1, 15, 16, NULL),
(847, 1, 16, 16, NULL),
(848, 1, 15, 17, NULL),
(849, 1, 16, 17, NULL),
(850, 1, 15, 45, NULL),
(851, 1, 16, 45, NULL),
(852, 0, 15, 59, NULL),
(853, 1, 16, 59, NULL),
(854, 1, 15, 80, NULL),
(855, 1, 16, 80, NULL),
(856, 1, 15, 81, NULL),
(857, 1, 16, 81, NULL),
(858, 1, 15, 82, NULL),
(859, 1, 16, 82, NULL),
(860, 1, 15, 84, NULL),
(861, 1, 16, 84, NULL),
(862, 1, 15, 85, NULL),
(863, 1, 16, 85, NULL),
(864, 1, 15, 87, NULL),
(865, 1, 16, 87, NULL),
(866, 1, 15, 88, NULL),
(867, 1, 16, 88, NULL),
(868, 0, 15, 95, NULL),
(869, 1, 16, 95, NULL),
(870, 1, 15, 96, NULL),
(871, 1, 16, 96, NULL),
(872, 1, 15, 103, NULL),
(873, 1, 16, 103, NULL),
(874, 1, 15, 116, NULL),
(875, 1, 16, 116, NULL),
(876, 1, 15, 57, NULL),
(877, 1, 16, 57, NULL),
(878, 1, 15, 101, NULL),
(879, 1, 16, 101, NULL),
(880, 1, 15, 53, NULL),
(881, 1, 16, 53, NULL),
(882, 0, 13, 1, NULL),
(883, 1, 14, 1, NULL),
(884, 0, 13, 2, NULL),
(885, 1, 14, 2, NULL),
(886, 0, 13, 3, NULL),
(887, 1, 14, 3, NULL),
(888, 1, 14, 6, NULL),
(889, 1, 14, 9, NULL),
(890, 0, 13, 18, NULL),
(891, 1, 14, 18, NULL),
(892, 0, 13, 19, NULL),
(893, 1, 14, 19, NULL),
(894, 0, 13, 20, NULL),
(895, 1, 14, 20, NULL),
(896, 0, 13, 46, NULL),
(897, 1, 14, 46, NULL),
(898, 0, 13, 47, NULL),
(899, 1, 14, 47, NULL),
(900, 0, 13, 50, NULL),
(901, 1, 14, 50, NULL),
(902, 0, 13, 72, NULL),
(903, 1, 14, 72, NULL),
(904, 0, 13, 73, NULL),
(905, 1, 14, 73, NULL),
(906, 0, 13, 74, NULL),
(907, 1, 14, 74, NULL),
(908, 0, 13, 75, NULL),
(909, 1, 14, 75, NULL),
(910, 0, 13, 77, NULL),
(911, 1, 14, 77, NULL),
(912, 0, 13, 78, NULL),
(913, 1, 14, 78, NULL),
(914, 0, 13, 79, NULL),
(915, 1, 14, 79, NULL),
(916, 0, 13, 89, NULL),
(917, 1, 14, 89, NULL),
(918, 0, 13, 90, NULL),
(919, 1, 14, 90, NULL),
(920, 0, 13, 91, NULL),
(921, 1, 14, 91, NULL),
(922, 0, 13, 93, NULL),
(923, 1, 14, 93, NULL),
(924, 0, 13, 94, NULL),
(925, 1, 14, 94, NULL),
(926, 0, 13, 97, NULL),
(927, 1, 14, 97, NULL),
(928, 0, 13, 98, NULL),
(929, 1, 14, 98, NULL),
(930, 0, 13, 99, NULL),
(931, 1, 14, 99, NULL),
(932, 0, 13, 100, NULL),
(933, 1, 14, 100, NULL),
(934, 0, 13, 102, NULL),
(935, 1, 14, 102, NULL),
(936, 0, 13, 114, NULL),
(937, 1, 14, 114, NULL),
(938, 0, 13, 34, NULL),
(939, 1, 14, 34, NULL),
(940, 0, 13, 35, NULL),
(941, 1, 14, 35, NULL),
(942, 0, 13, 113, NULL),
(943, 1, 14, 113, NULL),
(944, 0, 13, 105, NULL),
(945, 1, 14, 105, NULL),
(946, 0, 13, 106, NULL),
(947, 1, 14, 106, NULL),
(948, 0, 13, 107, NULL),
(949, 1, 14, 107, NULL),
(950, 0, 13, 14, NULL),
(951, 1, 14, 14, NULL),
(952, 0, 13, 15, NULL),
(953, 1, 14, 15, NULL),
(954, 0, 13, 16, NULL),
(955, 1, 14, 16, NULL),
(956, 0, 13, 17, NULL),
(957, 1, 14, 17, NULL),
(958, 0, 13, 45, NULL),
(959, 1, 14, 45, NULL),
(960, 0, 13, 59, NULL),
(961, 1, 14, 59, NULL),
(962, 0, 13, 80, NULL),
(963, 1, 14, 80, NULL),
(964, 0, 13, 81, NULL),
(965, 1, 14, 81, NULL),
(966, 0, 13, 82, NULL),
(967, 1, 14, 82, NULL),
(968, 0, 13, 83, NULL),
(969, 1, 14, 83, NULL),
(970, 0, 13, 84, NULL),
(971, 1, 14, 84, NULL),
(972, 0, 13, 85, NULL),
(973, 1, 14, 85, NULL),
(974, 0, 13, 87, NULL),
(975, 1, 14, 87, NULL),
(976, 0, 13, 88, NULL),
(977, 1, 14, 88, NULL),
(978, 0, 13, 95, NULL),
(979, 1, 14, 95, NULL),
(980, 0, 13, 96, NULL),
(981, 1, 14, 96, NULL),
(982, 0, 13, 103, NULL),
(983, 1, 14, 103, NULL),
(984, 0, 13, 116, NULL),
(985, 1, 14, 116, NULL),
(986, 0, 13, 54, NULL),
(987, 1, 14, 54, NULL),
(988, 0, 13, 57, NULL),
(989, 1, 14, 57, NULL),
(990, 0, 13, 101, NULL),
(991, 1, 14, 101, NULL),
(992, 0, 13, 11, NULL),
(993, 1, 14, 11, NULL),
(994, 0, 13, 12, NULL),
(995, 1, 14, 12, NULL);

INSERT INTO `combo_lists` (`id`, `title`, `active`) VALUES
  (1, 'Boolean', 1),
  (2, 'Chart Storage Locations', 1),
  (3, 'Country', 1),
  (4, 'Drug Forms', 1),
  (5, 'Drug Units', 1),
  (6, 'Drug Routes', 1),
  (7, 'Drug Intervals', 1),
  (8, 'Exams/Tests', 1),
  (9, 'Fee Sheet', 1),
  (10, 'Language', 1),
  (12, 'Marital Status', 1),
  (13, 'Price Level', 1),
  (14, 'Race', 1),
  (15, 'Referral Source', 1),
  (16, 'Risk Factors', 1),
  (17, 'Risk Level', 1),
  (18, 'Service Category', 1),
  (19, 'Sex w/ Both', 1),
  (20, 'State', 1),
  (21, 'Tax Rate', 1),
  (22, 'Titles', 1),
  (23, 'Yes/No', 1),
  (24, 'Adjustment Reasons', 1),
  (25, 'Relationship (insurance)', 1),
  (26, 'Occurrence', 1),
  (27, 'Outcome', 1),
  (28, 'Patient Note Types', 1),
  (29, 'Immunizations', 1),
  (30, 'Appointment Statuses', 1),
  (31, 'Warehouses', 1),
  (32, 'Address Book Types', 1),
  (33, 'Procedure Types', 1),
  (34, 'Procedure Body Sites', 1),
  (35, 'Procedure Specimen Types', 1),
  (36, 'Procedure Routes', 1),
  (37, 'Procedure Lateralities', 1),
  (38, 'Procedure Units', 1),
  (39, 'Order Priorities', 1),
  (40, 'Order Statuses', 1),
  (41, 'Procedure Report Statuses', 1),
  (42, 'Procedure Result Abnormal', 1),
  (43, 'Procedure Result Statuses', 1),
  (44, 'Procedure Boolean Results', 1),
  (45, 'Message Status', 1),
  (46, 'Invoice Reference Number Pools', 1),
  (47, 'Eligibility', 1),
  (48, 'Transactions', 1),
  (49, 'Payment Adjustment Code', 1),
  (50, 'Payment Ins', 1),
  (51, 'Payment Method', 1),
  (52, 'Payment Sort By', 1),
  (53, 'Payment Status', 1),
  (54, 'Payment Type', 1),
  (55, 'Date Master Criteria', 1),
  (56, 'Codes Types', 1),
  (57, 'Disclosure Type', 1),
  (58, 'Smoking Status', 1),
  (59, 'Ethnicity', 1),
  (61, 'Payment Date', 1),
  (62, 'Temp Location', 1),
  (74, 'Outcome2', 1),
  (75, 'Medical Issues', 1),
  (76, 'Surgery', 1),
  (77, 'Time', 1),
  (78, 'Preventive Care Types', 1),
  (79, 'Location Allergies', 1),
  (80, 'Skin Allergies', 1),
  (81, 'Local Allergies', 1),
  (82, 'Abdominal Allergies', 1),
  (83, 'Systemic / anaphylactic Allergies', 1),
  (84, 'Severity Allergies', 1),
  (85, 'Allergies types', 1),
  (86, 'Medication Directions (SIG)', 1),
  (87, 'Prescription when to take', 1),
  (88, 'Prescription How to', 1),
  (89, 'Prescriptions Types', 1),
  (90, 'Follow Up', 1),
  (91, 'Visit Categories', 1),
  (93, 'Yes/No/Na', 1),
  (94, 'Encounter Priorities', 1),
  (95, 'Sex', 1),
  (96, 'Insurance Type', 1),
  (97, 'Specimen Action Code', 1),
  (98, 'Result Status', 1),
  (99, 'Observation Result Handling', 0),
  (100, 'Abnormal Flags', 1),
  (101, 'Social Status Types', 1),
  (102, 'Document Types (Categories)', 1),
  (103, 'Yes/No (Y/N)', 1),
  (104, 'Citizenship', 1),
  (105, 'Alcohol Intake', 1),
  (106, 'Tobacoo Use', 1),
  (107, 'Physical Activity Behavior', 1),
  (108, 'Drug Abuse', 1),
  (109, 'Family History', 1),
  (110, 'Vitals (culumns)', 1),
  (111, 'Operators', 1),
  (112, 'Condition Status (Active Problems)', 1),
  (113, 'Status', 1),
  (114, 'Food Allergies', 1),
  (115, 'Environmental Allergies', 1),
  (116, 'Mood Types', 1),
  (117, 'Functional Status Types', 1),
  (118, 'Functional Status Codes', 1),
  (119, 'Administration Sites', 1),
  (120, 'Health Status', 1),
  (121, 'Doctors Types', 1),
  (122, 'Color Status', 1),
  (123, 'Anesthetic', 1),
  (124, 'Anesthetic Types', 1),
  (125, 'Drug DEA Schedule', 1),
  (126, 'Patient Class', 1),
  (127, 'Priority', 1);

INSERT INTO `combo_lists_options` (`id`, `list_id`, `option_value`, `option_name`, `code`, `code_type`, `seq`, `notes`, `active`) VALUES
  (1, 23, '2', 'No', NULL, NULL, 1, '', 1),
  (2, 23, '1', 'Yes', NULL, NULL, 2, '', 1),
  (3, 22, 'Mr.', 'Mr.', NULL, NULL, 1, '', 1),
  (4, 22, 'Mrs.', 'Mrs.', NULL, NULL, 2, '', 1),
  (5, 22, 'Ms.', 'Ms.', NULL, NULL, 3, '', 1),
  (6, 22, 'Dr.', 'Dr.', NULL, NULL, 4, '', 1),
  (7, 19, 'F', 'Female', NULL, NULL, 20, '', 1),
  (8, 19, 'M', 'Male', NULL, NULL, 10, '', 1),
  (9, 12, 'M', 'Married', 'M', 'HL70002', 10, 'HL7 Table 0002', 1),
  (10, 12, 'S', 'Single', 'S', 'HL70002', 20, 'HL7 Table 0002', 1),
  (11, 12, 'D', 'Divorced', 'D', 'HL70002', 30, 'HL7 Table 0002', 1),
  (12, 12, 'W', 'Widowed', 'W', 'HL70002', 40, 'HL7 Table 0002', 1),
  (13, 12, 'A', 'Separated', 'A', 'HL70002', 50, 'HL7 Table 0002', 1),
  (14, 12, 'P', 'Domestic Partner', 'P', 'HL70002', 60, 'HL7 Table 0002', 1),
  (15, 10, 'armenian', 'Armenian', NULL, NULL, 10, '', 1),
  (16, 10, 'chinese', 'Chinese', NULL, NULL, 20, '', 1),
  (17, 10, 'danish', 'Danish', NULL, NULL, 30, '', 1),
  (18, 10, 'deaf', 'Deaf', NULL, NULL, 40, '', 1),
  (19, 10, 'English', 'English', NULL, NULL, 50, '', 1),
  (20, 10, 'farsi', 'Farsi', NULL, NULL, 60, '', 1),
  (21, 10, 'french', 'French', NULL, NULL, 70, '', 1),
  (22, 10, 'german', 'German', NULL, NULL, 80, '', 1),
  (23, 10, 'greek', 'Greek', NULL, NULL, 90, '', 1),
  (24, 10, 'hmong', 'Hmong', NULL, NULL, 100, '', 1),
  (25, 10, 'italian', 'Italian', NULL, NULL, 110, '', 1),
  (26, 10, 'japanese', 'Japanese', NULL, NULL, 120, '', 1),
  (27, 10, 'korean', 'Korean', NULL, NULL, 130, '', 1),
  (28, 10, 'laotian', 'Laotian', NULL, NULL, 140, '', 1),
  (29, 10, 'mien', 'Mien', NULL, NULL, 150, '', 1),
  (30, 10, 'norwegian', 'Norwegian', NULL, NULL, 160, '', 1),
  (31, 10, 'othrs', 'Others', NULL, NULL, 170, '', 1),
  (32, 10, 'portuguese', 'Portuguese', NULL, NULL, 180, '', 1),
  (33, 10, 'punjabi', 'Punjabi', NULL, NULL, 190, '', 1),
  (34, 10, 'russian', 'Russian', NULL, NULL, 200, '', 1),
  (35, 10, 'Spanish', 'Spanish', NULL, NULL, 210, '', 1),
  (36, 10, 'tagalog', 'Tagalog', NULL, NULL, 220, '', 1),
  (37, 10, 'turkish', 'Turkish', NULL, NULL, 230, '', 1),
  (38, 10, 'vietnamese', 'Vietnamese', NULL, NULL, 240, '', 1),
  (39, 10, 'yiddish', 'Yiddish', NULL, NULL, 250, '', 1),
  (40, 10, 'zulu', 'Zulu', NULL, NULL, 260, '', 1),
  (41, 14, '2028-9', 'Asian', '2028-9', 'HL70005', 10, 'HL7 Table 0005', 1),
  (42, 14, '2054-5', 'Black or African American', '2054-5', 'HL70005', 20, 'HL7 Table 0005', 1),
  (43, 14, '2076-8', 'Native Hawaiian or Other Pacific Islander', '2076-8', 'HL70005', 30, 'HL7 Table 0005', 1),
  (44, 14, '2106-3', 'White', '2106-3', 'HL70005', 40, 'HL7 Table 0005', 1),
  (45, 14, '2131-1', 'Other Race', '2131-1', 'HL70005', 50, 'HL7 Table 0005', 1),
  (84, 13, 'standard', 'Standard', NULL, NULL, 1, '', 1),
  (85, 17, 'low', 'Low', NULL, NULL, 1, '', 1),
  (86, 17, 'medium', 'Medium', NULL, NULL, 2, '', 1),
  (87, 17, 'high', 'High', NULL, NULL, 3, '', 1),
  (88, 1, '0', 'No', NULL, NULL, 20, '', 1),
  (89, 1, '1', 'Yes', NULL, NULL, 10, '', 1),
  (90, 3, 'USA', 'USA', NULL, NULL, 1, '', 1),
  (91, 20, 'AL', 'Alabama', NULL, NULL, 10, '', 1),
  (92, 20, 'AK', 'Alaska', NULL, NULL, 20, '', 1),
  (93, 20, 'AZ', 'Arizona', NULL, NULL, 30, '', 1),
  (94, 20, 'AR', 'Arkansas', NULL, NULL, 40, '', 1),
  (95, 20, 'CA', 'California', NULL, NULL, 50, '', 1),
  (96, 20, 'CO', 'Colorado', NULL, NULL, 60, '', 1),
  (97, 20, 'CT', 'Connecticut', NULL, NULL, 70, '', 1),
  (98, 20, 'DE', 'Delaware', NULL, NULL, 80, '', 1),
  (99, 20, 'DC', 'District of Columbia', NULL, NULL, 90, '', 1),
  (100, 20, 'FL', 'Florida', NULL, NULL, 100, '', 1),
  (101, 20, 'GA', 'Georgia', NULL, NULL, 110, '', 1),
  (102, 20, 'HI', 'Hawaii', NULL, NULL, 120, '', 1),
  (103, 20, 'ID', 'Idaho', NULL, NULL, 130, '', 1),
  (104, 20, 'IL', 'Illinois', NULL, NULL, 140, '', 1),
  (105, 20, 'IN', 'Indiana', NULL, NULL, 150, '', 1),
  (106, 20, 'IA', 'Iowa', NULL, NULL, 160, '', 1),
  (107, 20, 'KS', 'Kansas', NULL, NULL, 170, '', 1),
  (107, 413460004, 'Aerobic exercise five times a week (finding)\r107', '413461000', 'Aerobic exercis', '160637002', 0, '160639004', 0),
  (108, 20, 'KY', 'Kentucky', NULL, NULL, 180, '', 1),
  (108, 191819002, 'Continuous opioid dependence (disorder)', '191819002', 'SNOMED', '0', 1, '191820008', 0),
  (109, 20, 'LA', 'Louisiana', NULL, NULL, 190, '', 1),
  (110, 20, 'ME', 'Maine', NULL, NULL, 200, '', 1),
  (111, 20, 'MD', 'Maryland', NULL, NULL, 210, '', 1),
  (112, 20, 'MA', 'Massachusetts', NULL, NULL, 220, '', 1),
  (113, 20, 'MI', 'Michigan', NULL, NULL, 230, '', 1),
  (114, 20, 'MN', 'Minnesota', NULL, NULL, 240, '', 1),
  (115, 20, 'MS', 'Mississippi', NULL, NULL, 250, '', 1),
  (116, 20, 'MO', 'Missouri', NULL, NULL, 260, '', 1),
  (117, 20, 'MT', 'Montana', NULL, NULL, 270, '', 1),
  (118, 20, 'NE', 'Nebraska', NULL, NULL, 280, '', 1),
  (119, 20, 'NV', 'Nevada', NULL, NULL, 290, '', 1),
  (120, 20, 'NH', 'New Hampshire', NULL, NULL, 300, '', 1),
  (121, 20, 'NJ', 'New Jersey', NULL, NULL, 310, '', 1),
  (122, 20, 'NM', 'New Mexico', NULL, NULL, 320, '', 1),
  (123, 20, 'NY', 'New York', NULL, NULL, 330, '', 1),
  (124, 20, 'NC', 'North Carolina', NULL, NULL, 340, '', 1),
  (125, 20, 'ND', 'North Dakota', NULL, NULL, 350, '', 1),
  (126, 20, 'OH', 'Ohio', NULL, NULL, 360, '', 1),
  (127, 20, 'OK', 'Oklahoma', NULL, NULL, 370, '', 1),
  (128, 20, 'OR', 'Oregon', NULL, NULL, 380, '', 1),
  (129, 20, 'PA', 'Pennsylvania', NULL, NULL, 390, '', 1),
  (130, 20, 'RI', 'Rhode Island', NULL, NULL, 400, '', 1),
  (131, 20, 'SC', 'South Carolina', NULL, NULL, 410, '', 1),
  (132, 20, 'SD', 'South Dakota', NULL, NULL, 420, '', 1),
  (133, 20, 'TN', 'Tennessee', NULL, NULL, 430, '', 1),
  (134, 20, 'TX', 'Texas', NULL, NULL, 440, '', 1),
  (135, 20, 'UT', 'Utah', NULL, NULL, 450, '', 1),
  (136, 20, 'VT', 'Vermont', NULL, NULL, 460, '', 1),
  (137, 20, 'VA', 'Virginia', NULL, NULL, 470, '', 1),
  (138, 20, 'WA', 'Washington', NULL, NULL, 480, '', 1),
  (139, 20, 'WV', 'West Virginia', NULL, NULL, 490, '', 1),
  (140, 20, 'WI', 'Wisconsin', NULL, NULL, 500, '', 1),
  (141, 20, 'WY', 'Wyoming', NULL, NULL, 510, '', 1),
  (142, 15, 'Patient', 'Patient', NULL, NULL, 1, '', 1),
  (143, 15, 'Employee', 'Employee', NULL, NULL, 2, '', 1),
  (144, 15, 'Walk-In', 'Walk-In', NULL, NULL, 3, '', 1),
  (145, 15, 'Newspaper', 'Newspaper', NULL, NULL, 4, '', 1),
  (146, 15, 'Radio', 'Radio', NULL, NULL, 5, '', 1),
  (147, 15, 'T.V.', 'T.V.', NULL, NULL, 6, '', 1),
  (148, 15, 'Direct Mail', 'Direct Mail', NULL, NULL, 7, '', 1),
  (149, 15, 'Coupon', 'Coupon', NULL, NULL, 8, '', 1),
  (150, 15, 'Referral Card', 'Referral Card', NULL, NULL, 9, '', 1),
  (151, 15, 'Other', 'Other', NULL, NULL, 10, '', 1),
  (152, 16, 'vv', 'Varicose Veins', NULL, NULL, 1, '', 1),
  (153, 16, 'ht', 'Hypertension', NULL, NULL, 2, '', 1),
  (154, 16, 'db', 'Diabetes', NULL, NULL, 3, '', 1),
  (155, 16, 'sc', 'Sickle Cell', NULL, NULL, 4, '', 1),
  (156, 16, 'fib', 'Fibroids', NULL, NULL, 5, '', 1),
  (157, 16, 'pid', 'PID (Pelvic Inflammatory Disease)', NULL, NULL, 6, '', 1),
  (158, 16, 'mig', 'Severe Migraine', NULL, NULL, 7, '', 1),
  (159, 16, 'hd', 'Heart Disease', NULL, NULL, 8, '', 1),
  (160, 16, 'str', 'Thrombosis/Stroke', NULL, NULL, 9, '', 1),
  (161, 16, 'hep', 'Hepatitis', NULL, NULL, 10, '', 1),
  (162, 16, 'gb', 'Gall Bladder Condition', NULL, NULL, 11, '', 1),
  (163, 16, 'br', 'Breast Disease', NULL, NULL, 12, '', 1),
  (164, 16, 'dpr', 'Depression', NULL, NULL, 13, '', 1),
  (165, 16, 'all', 'Allergies', NULL, NULL, 14, '', 1),
  (166, 16, 'inf', 'Infertility', NULL, NULL, 15, '', 1),
  (167, 16, 'ast', 'Asthma', NULL, NULL, 16, '', 1),
  (168, 16, 'ep', 'Epilepsy', NULL, NULL, 17, '', 1),
  (169, 16, 'cl', 'Contact Lenses', NULL, NULL, 18, '', 1),
  (170, 16, 'coc', 'Contraceptive Complication (specify)', NULL, NULL, 19, '', 1),
  (171, 16, 'oth', 'Other (specify)', NULL, NULL, 20, '', 1),
  (172, 8, 'brs', 'Breast Exam', NULL, NULL, 1, '', 1),
  (173, 8, 'cec', 'Cardiac Echo', NULL, NULL, 2, '', 1),
  (174, 8, 'ecg', 'ECG', NULL, NULL, 3, '', 1),
  (175, 8, 'gyn', 'Gynecological Exam', NULL, NULL, 4, '', 1),
  (176, 8, 'mam', 'Mammogram', NULL, NULL, 5, '', 1),
  (177, 8, 'phy', 'Physical Exam', NULL, NULL, 6, '', 1),
  (178, 8, 'pro', 'Prostate Exam', NULL, NULL, 7, '', 1),
  (179, 8, 'rec', 'Rectal Exam', NULL, NULL, 8, '', 1),
  (180, 8, 'sic', 'Sigmoid/Colonoscopy', NULL, NULL, 9, '', 1),
  (181, 8, 'ret', 'Retinal Exam', NULL, NULL, 10, '', 1),
  (182, 8, 'flu', 'Flu Vaccination', NULL, NULL, 11, '', 1),
  (183, 8, 'pne', 'Pneumonia Vaccination', NULL, NULL, 12, '', 1),
  (184, 8, 'ldl', 'LDL', NULL, NULL, 13, '', 1),
  (185, 8, 'hem', 'Hemoglobin', NULL, NULL, 14, '', 1),
  (186, 8, 'psa', 'PSA', NULL, NULL, 15, '', 1),
  (187, 4, '0', '', NULL, NULL, 0, '', 1),
  (188, 4, '1', 'suspension', NULL, NULL, 1, '', 1),
  (189, 4, '2', 'tablet', NULL, NULL, 2, '', 1),
  (190, 4, '3', 'capsule', NULL, NULL, 3, '', 1),
  (191, 4, '4', 'solution', NULL, NULL, 4, '', 1),
  (192, 4, '5', 'tsp', NULL, NULL, 5, '', 1),
  (193, 4, '6', 'ml', NULL, NULL, 6, '', 1),
  (194, 4, '7', 'units', NULL, NULL, 7, '', 1),
  (195, 4, '8', 'inhalations', NULL, NULL, 8, '', 1),
  (196, 4, '9', 'gtts(drops)', NULL, NULL, 9, '', 1),
  (197, 4, '10', 'cream', NULL, NULL, 10, '', 1),
  (198, 4, '11', 'ointment', NULL, NULL, 11, '', 1),
  (199, 5, '0', '', NULL, NULL, 0, '', 1),
  (200, 5, '1', 'mg', NULL, NULL, 1, '', 1),
  (201, 5, '2', 'mg/1cc', NULL, NULL, 2, '', 1),
  (202, 5, '3', 'mg/2cc', NULL, NULL, 3, '', 1),
  (203, 5, '4', 'mg/3cc', NULL, NULL, 4, '', 1),
  (204, 5, '5', 'mg/4cc', NULL, NULL, 5, '', 1),
  (205, 5, '6', 'mg/5cc', NULL, NULL, 6, '', 1),
  (206, 5, '7', 'mcg', NULL, NULL, 7, '', 1),
  (207, 5, '8', 'grams', NULL, NULL, 8, '', 1),
  (208, 6, 'UNK', '(unknown)', 'UNK', '', 0, '', 1),
  (209, 6, 'AP', 'Apply Externally', 'AP', '', 1, '', 1),
  (210, 6, 'B', 'Buccal', 'B', '', 2, '', 1),
  (211, 6, 'DT', 'Dental', 'DT', '', 3, '', 1),
  (212, 6, 'ET', 'Endotrachial Tube', 'ET', '', 4, '', 1),
  (213, 6, 'EP', 'Epidural', 'EP', '', 5, '', 1),
  (214, 6, 'GTT', 'Gastrostomy Tube', 'GTT', '', 6, '', 1),
  (215, 6, 'GU', 'GU Irrigant', 'GU', '', 7, '', 1),
  (216, 6, 'IMR', 'Immerse (Soak) Body Part', 'IMR', '', 8, '', 1),
  (217, 6, 'IH', 'Inhalation', 'IH', '', 9, '', 1),
  (218, 6, 'IA', 'Intra-arterial', 'IA', '', 10, '', 1),
  (219, 6, 'IB', 'Intrabursal', 'IB', '', 11, '', 1),
  (220, 6, 'IC', 'Intracardiac', 'IC', '', 12, '', 1),
  (221, 6, 'ICV', 'Intracervical (uterus)', 'ICV', '', 13, '', 1),
  (222, 6, 'ID', 'Intradermal', 'ID', '', 14, '', 1),
  (223, 6, 'IHA', 'Intrahepatic Artery', 'IHA', '', 15, '', 1),
  (224, 7, '0', '', NULL, NULL, 0, '', 1),
  (225, 7, '1', 'b.i.d.', NULL, NULL, 1, '', 1),
  (226, 7, '2', 't.i.d.', NULL, NULL, 2, '', 1),
  (227, 7, '3', 'q.i.d.', NULL, NULL, 3, '', 1),
  (228, 7, '4', 'q.3h', NULL, NULL, 4, '', 1),
  (229, 7, '5', 'q.4h', NULL, NULL, 5, '', 1),
  (230, 7, '6', 'q.5h', NULL, NULL, 6, '', 1),
  (231, 7, '7', 'q.6h', NULL, NULL, 7, '', 1),
  (232, 7, '8', 'q.8h', NULL, NULL, 8, '', 1),
  (233, 7, '9', 'q.d.', NULL, NULL, 9, '', 1),
  (234, 7, '10', 'a.c.', NULL, NULL, 10, '', 1),
  (235, 7, '11', 'p.c.', NULL, NULL, 11, '', 1),
  (236, 7, '12', 'a.m.', NULL, NULL, 12, '', 1),
  (237, 7, '13', 'p.m.', NULL, NULL, 13, '', 1),
  (238, 7, '14', 'ante', NULL, NULL, 14, '', 1),
  (239, 7, '15', 'h', NULL, NULL, 15, '', 1),
  (240, 7, '16', 'h.s.', NULL, NULL, 16, '', 1),
  (241, 7, '17', 'p.r.n.', NULL, NULL, 17, '', 1),
  (242, 7, '18', 'stat', NULL, NULL, 18, '', 1),
  (243, 2, 'fileroom', 'File Room', NULL, NULL, 1, '', 1),
  (275, 24, 'Adm adjust', 'Adm adjust', NULL, NULL, 10, '', 1),
  (276, 24, 'After hrs calls', 'After hrs calls', NULL, NULL, 20, '', 1),
  (277, 24, 'Bad check', 'Bad check', NULL, NULL, 30, '', 1),
  (278, 24, 'Bad debt', 'Bad debt', NULL, NULL, 40, '', 1),
  (279, 24, 'Coll w/o', 'Coll w/o', NULL, NULL, 50, '', 1),
  (280, 24, 'Discount', 'Discount', NULL, NULL, 60, '', 1),
  (281, 24, 'Hardship w/o', 'Hardship w/o', NULL, NULL, 70, '', 1),
  (282, 24, 'Ins adjust', 'Ins adjust', NULL, NULL, 80, '', 1),
  (283, 24, 'Ins bundling', 'Ins bundling', NULL, NULL, 90, '', 1),
  (284, 24, 'Ins overpaid', 'Ins overpaid', NULL, NULL, 100, '', 1),
  (285, 24, 'Ins refund', 'Ins refund', NULL, NULL, 110, '', 1),
  (286, 24, 'Pt overpaid', 'Pt overpaid', NULL, NULL, 120, '', 1),
  (287, 24, 'Pt refund', 'Pt refund', NULL, NULL, 130, '', 1),
  (288, 24, 'Pt released', 'Pt released', NULL, NULL, 140, '', 1),
  (289, 24, 'Sm debt w/o', 'Sm debt w/o', NULL, NULL, 150, '', 1),
  (290, 24, 'To copay', 'To copay', NULL, NULL, 160, '', 1),
  (291, 24, 'To ded''ble', 'To ded''ble', NULL, NULL, 170, '', 1),
  (292, 24, 'Untimely filing', 'Untimely filing', NULL, NULL, 180, '', 1),
  (294, 25, '01', 'Self', '01', 'HL70344', 10, 'HL7 Table 0344', 1),
  (295, 25, '02', 'Spouse', '02', 'HL70344', 20, 'HL7 Table 0344', 1),
  (296, 25, '03', 'Child', '03', 'HL70344', 40, 'HL7 Table 0344', 1),
  (297, 25, '09', 'Unknown', '09', 'HL70344', 60, 'HL7 Table 0344', 1),
  (299, 26, 'Unknown or N/A', 'Unknown or N/A', '', '', 5, '', 1),
  (300, 26, 'First', 'First', '', '', 10, '', 1),
  (301, 26, 'Early Recurrence (<2 Mo)', 'Early Recurrence (<2 Mo)', '', '', 15, '', 1),
  (302, 26, 'Late Recurrence (2-12 Mo)', 'Late Recurrence (2-12 Mo)', '', '', 20, '', 1),
  (303, 26, 'Delayed Recurrence (> 12 Mo)', 'Delayed Recurrence (> 12 Mo)', '', '', 25, '', 1),
  (304, 26, 'Chronic/Recurrent', 'Chronic/Recurrent', '', '', 30, '', 1),
  (305, 26, 'Acute on Chronic', 'Acute on Chronic', '', '', 35, '', 1),
  (307, 27, '0', 'Unassigned', NULL, NULL, 2, '', 1),
  (308, 27, '1', 'Resolved', NULL, NULL, 5, '', 1),
  (309, 27, '2', 'Improved', NULL, NULL, 10, '', 1),
  (310, 27, '3', 'Status quo', NULL, NULL, 15, '', 1),
  (311, 27, '4', 'Worse', NULL, NULL, 20, '', 1),
  (312, 27, '5', 'Pending followup', NULL, NULL, 25, '', 1),
  (314, 28, 'Unassigned', 'Unassigned', NULL, NULL, 1, '', 1),
  (315, 28, 'Chart Note', 'Chart Note', NULL, NULL, 2, '', 1),
  (316, 28, 'Insurance', 'Insurance', NULL, NULL, 3, '', 1),
  (317, 28, 'New Document', 'New Document', NULL, NULL, 4, '', 1),
  (318, 28, 'Pharmacy', 'Pharmacy', NULL, NULL, 5, '', 1),
  (319, 28, 'Prior Auth', 'Prior Auth', NULL, NULL, 6, '', 1),
  (320, 28, 'Referral', 'Referral', NULL, NULL, 7, '', 1),
  (321, 28, 'Test Scheduling', 'Test Scheduling', NULL, NULL, 8, '', 1),
  (322, 28, 'Bill/Collect', 'Bill/Collect', NULL, NULL, 9, '', 1),
  (323, 28, 'Other', 'Other', NULL, NULL, 10, '', 1),
  (325, 29, '1', 'DTaP 1', NULL, NULL, 30, '', 1),
  (326, 29, '2', 'DTaP 2', NULL, NULL, 35, '', 1),
  (327, 29, '3', 'DTaP 3', NULL, NULL, 40, '', 1),
  (328, 29, '4', 'DTaP 4', NULL, NULL, 45, '', 1),
  (329, 29, '5', 'DTaP 5', NULL, NULL, 50, '', 1),
  (330, 29, '6', 'DT 1', NULL, NULL, 5, '', 1),
  (331, 29, '7', 'DT 2', NULL, NULL, 10, '', 1),
  (332, 29, '8', 'DT 3', NULL, NULL, 15, '', 1),
  (333, 29, '9', 'DT 4', NULL, NULL, 20, '', 1),
  (334, 29, '10', 'DT 5', NULL, NULL, 25, '', 1),
  (335, 29, '11', 'IPV 1', NULL, NULL, 110, '', 1),
  (336, 29, '12', 'IPV 2', NULL, NULL, 115, '', 1),
  (337, 29, '13', 'IPV 3', NULL, NULL, 120, '', 1),
  (338, 29, '14', 'IPV 4', NULL, NULL, 125, '', 1),
  (339, 29, '15', 'Hib 1', NULL, NULL, 80, '', 1),
  (340, 29, '16', 'Hib 2', NULL, NULL, 85, '', 1),
  (341, 29, '17', 'Hib 3', NULL, NULL, 90, '', 1),
  (342, 29, '18', 'Hib 4', NULL, NULL, 95, '', 1),
  (343, 29, '19', 'Pneumococcal Conjugate 1', NULL, NULL, 140, '', 1),
  (344, 29, '20', 'Pneumococcal Conjugate 2', NULL, NULL, 145, '', 1),
  (345, 29, '21', 'Pneumococcal Conjugate 3', NULL, NULL, 150, '', 1),
  (346, 29, '22', 'Pneumococcal Conjugate 4', NULL, NULL, 155, '', 1),
  (347, 29, '23', 'MMR 1', NULL, NULL, 130, '', 1),
  (348, 29, '24', 'MMR 2', NULL, NULL, 135, '', 1),
  (349, 29, '25', 'Varicella 1', NULL, NULL, 165, '', 1),
  (350, 29, '26', 'Varicella 2', NULL, NULL, 170, '', 1),
  (351, 29, '27', 'Hepatitis B 1', NULL, NULL, 65, '', 1),
  (352, 29, '28', 'Hepatitis B 2', NULL, NULL, 70, '', 1),
  (353, 29, '29', 'Hepatitis B 3', NULL, NULL, 75, '', 1),
  (354, 29, '30', 'Influenza 1', NULL, NULL, 100, '', 1),
  (355, 29, '31', 'Influenza 2', NULL, NULL, 105, '', 1),
  (356, 29, '32', 'Td', NULL, NULL, 160, '', 1),
  (357, 29, '33', 'Hepatitis A 1', NULL, NULL, 55, '', 1),
  (358, 29, '34', 'Hepatitis A 2', NULL, NULL, 60, '', 1),
  (359, 29, '35', 'Other', NULL, NULL, 175, '', 1),
  (361, 30, '-', '- None', NULL, NULL, 10, '', 1),
  (362, 30, '*', '* Reminder done', NULL, NULL, 20, '', 1),
  (364, 30, 'X', 'X Canceled', NULL, NULL, 60, '', 1),
  (365, 30, '?', '? No show', NULL, NULL, 50, '', 1),
  (366, 30, '@', '@ Arrived', NULL, NULL, 30, '', 1),
  (367, 30, '~', '~ Arrived late', NULL, NULL, 40, '', 1),
  (368, 30, '!', '! Left w/o visit', NULL, NULL, 80, '', 1),
  (369, 30, '#', '# Ins/fin issue', NULL, NULL, 90, '', 1),
  (373, 30, '%', '% Canceled < 24h', NULL, NULL, 70, '', 1),
  (375, 31, 'onsite', 'On Site', NULL, NULL, 5, '', 1),
  (377, 32, 'ord_img', 'Imaging Service', NULL, NULL, 5, '', 1),
  (378, 32, 'ord_imm', 'Immunization Service', NULL, NULL, 10, '', 1),
  (379, 32, 'ord_lab', 'Lab Service', NULL, NULL, 15, '', 1),
  (380, 32, 'spe', 'Specialist', NULL, NULL, 20, '', 1),
  (381, 32, 'vendor', 'Vendor', NULL, NULL, 25, '', 1),
  (382, 32, 'dist', 'Distributor', NULL, NULL, 30, '', 1),
  (383, 32, 'oth', 'Other', NULL, NULL, 95, '', 1),
  (385, 33, 'grp', 'Group', NULL, NULL, 10, '', 1),
  (386, 33, 'ord', 'Procedure Order', NULL, NULL, 20, '', 1),
  (387, 33, 'res', 'Discrete Result', NULL, NULL, 30, '', 1),
  (388, 33, 'rec', 'Recommendation', NULL, NULL, 40, '', 1),
  (390, 34, 'arm', 'Arm', NULL, NULL, 10, '', 1),
  (391, 34, 'buttock', 'Buttock', NULL, NULL, 20, '', 1),
  (392, 34, 'oth', 'Other', NULL, NULL, 90, '', 1),
  (394, 35, 'blood', 'Blood', NULL, NULL, 10, '', 1),
  (395, 35, 'saliva', 'Saliva', NULL, NULL, 20, '', 1),
  (396, 35, 'urine', 'Urine', NULL, NULL, 30, '', 1),
  (397, 35, 'oth', 'Other', NULL, NULL, 90, '', 1),
  (399, 36, 'inj', 'Injection', NULL, NULL, 10, '', 1),
  (400, 36, 'oral', 'Oral', NULL, NULL, 20, '', 1),
  (401, 36, 'oth', 'Other', NULL, NULL, 90, '', 1),
  (403, 37, 'left', 'Left', NULL, NULL, 10, '', 1),
  (404, 37, 'right', 'Right', NULL, NULL, 20, '', 1),
  (405, 37, 'bilat', 'Bilateral', NULL, NULL, 30, '', 1),
  (408, 38, 'CU.MM', 'CU.MM', NULL, NULL, 20, '', 1),
  (409, 38, 'fl', 'fl', NULL, NULL, 10, '', 1),
  (410, 38, 'g/dL', 'g/dL', NULL, NULL, 30, '', 1),
  (411, 38, 'mg/dL', 'mg/dL', NULL, NULL, 40, '', 1),
  (412, 38, 'mmol/L', 'mmol/L', NULL, NULL, 50, '', 1),
  (413, 38, 'iu/L', 'iu/L', NULL, NULL, 60, '', 1),
  (414, 38, 'md/dl', 'md/dl', NULL, NULL, 70, '', 1),
  (415, 38, 'Mil/CU.MM', 'Mil/CU.MM', NULL, NULL, 80, '', 1),
  (416, 38, '%', '%', NULL, NULL, 90, '', 1),
  (417, 38, 'Percentile', 'Percentile', NULL, NULL, 100, '', 1),
  (418, 38, 'PG', 'PG', NULL, NULL, 110, '', 1),
  (419, 38, 'Ratio', 'Ratio', NULL, NULL, 120, '', 1),
  (420, 38, 'Thous/CU.MM', 'Thous/CU.MM', NULL, NULL, 130, '', 1),
  (431, 40, 'pending', 'Pending', NULL, NULL, 10, '', 1),
  (432, 40, 'routed', 'Routed', NULL, NULL, 20, '', 1),
  (433, 40, 'complete', 'Complete', NULL, NULL, 30, '', 1),
  (434, 40, 'canceled', 'Canceled', NULL, NULL, 40, '', 1),
  (436, 41, 'final', 'Final', NULL, NULL, 10, '', 1),
  (437, 41, 'review', 'Reviewed', NULL, NULL, 20, '', 1),
  (438, 41, 'prelim', 'Preliminary', NULL, NULL, 30, '', 1),
  (439, 41, 'cancel', 'Canceled', NULL, NULL, 40, '', 1),
  (440, 41, 'error', 'Error', NULL, NULL, 50, '', 1),
  (441, 41, 'correct', 'Corrected', NULL, NULL, 60, '', 1),
  (443, 42, 'no', 'No', NULL, NULL, 10, '', 1),
  (444, 42, 'yes', 'Yes', NULL, NULL, 20, '', 1),
  (445, 42, 'high', 'High', NULL, NULL, 30, '', 1),
  (446, 42, 'low', 'Low', NULL, NULL, 40, '', 1),
  (448, 43, 'final', 'Final', NULL, NULL, 10, '', 1),
  (449, 43, 'prelim', 'Preliminary', NULL, NULL, 20, '', 1),
  (450, 43, 'cancel', 'Canceled', NULL, NULL, 30, '', 1),
  (451, 43, 'error', 'Error', NULL, NULL, 40, '', 1),
  (452, 43, 'correct', 'Corrected', NULL, NULL, 50, '', 1),
  (453, 43, 'incomplete', 'Incomplete', NULL, NULL, 60, '', 1),
  (455, 44, 'neg', 'Negative', NULL, NULL, 10, '', 1),
  (456, 44, 'pos', 'Positive', NULL, NULL, 20, '', 1),
  (458, 45, 'Done', 'Done', NULL, NULL, 5, '', 1),
  (459, 45, 'Forwarded', 'Forwarded', NULL, NULL, 10, '', 1),
  (460, 45, 'New', 'New', NULL, NULL, 15, '', 1),
  (461, 45, 'Read', 'Read', NULL, NULL, 20, '', 1),
  (462, 28, 'Lab Results', 'Lab Results', NULL, NULL, 15, '', 1),
  (463, 28, 'New Orders', 'New Orders', NULL, NULL, 20, '', 1),
  (464, 28, 'Patient Reminders', 'Patient Reminders', NULL, NULL, 25, '', 1),
  (466, 46, 'main', 'Main', NULL, NULL, 1, '', 1),
  (468, 47, 'eligible', 'Eligible', NULL, NULL, 10, '', 1),
  (469, 47, 'ineligible', 'Ineligible', NULL, NULL, 20, '', 1),
  (471, 48, 'Referral', 'Referral', NULL, NULL, 10, '', 1),
  (472, 48, 'Patient Request', 'Patient Request', NULL, NULL, 20, '', 1),
  (473, 48, 'Physician Request', 'Physician Request', NULL, NULL, 30, '', 1),
  (474, 48, 'Legal', 'Legal', NULL, NULL, 40, '', 1),
  (475, 48, 'Billing', 'Billing', NULL, NULL, 50, '', 1),
  (477, 49, 'family_payment', 'Family Payment', NULL, NULL, 10, '', 1),
  (478, 49, 'group_payment', 'Group Payment', NULL, NULL, 20, '', 1),
  (479, 49, 'insurance_payment', 'Insurance Payment', NULL, NULL, 30, '', 1),
  (480, 49, 'patient_payment', 'Patient Payment', NULL, NULL, 40, '', 1),
  (481, 49, 'pre_payment', 'Pre Payment', NULL, NULL, 50, '', 1),
  (483, 50, '0', 'Pat', NULL, NULL, 40, '', 1),
  (484, 50, '1', 'Ins1', NULL, NULL, 10, '', 1),
  (485, 50, '2', 'Ins2', NULL, NULL, 20, '', 1),
  (486, 50, '3', 'Ins3', NULL, NULL, 30, '', 1),
  (488, 51, 'bank_draft', 'Bank Draft', NULL, NULL, 50, '', 1),
  (489, 51, 'cash', 'Cash', NULL, NULL, 20, '', 1),
  (490, 51, 'check_payment', 'Check Payment', NULL, NULL, 10, '', 1),
  (491, 51, 'credit_card', 'Credit Card', NULL, NULL, 30, '', 1),
  (492, 51, 'electronic', 'Electronic', NULL, NULL, 40, '', 1),
  (494, 52, 'check_date', 'Check Date', NULL, NULL, 20, '', 1),
  (495, 52, 'payer_id', 'Ins Code', NULL, NULL, 40, '', 1),
  (496, 52, 'payment_method', 'Payment Method', NULL, NULL, 50, '', 1),
  (497, 52, 'payment_type', 'Paying Entity', NULL, NULL, 30, '', 1),
  (498, 52, 'pay_total', 'Amount', NULL, NULL, 70, '', 1),
  (499, 52, 'reference', 'Check Number', NULL, NULL, 60, '', 1),
  (500, 52, 'session_id', 'Id', NULL, NULL, 10, '', 1),
  (502, 53, 'fully_paid', 'Fully Paid', NULL, NULL, 10, '', 1),
  (503, 53, 'unapplied', 'Unapplied', NULL, NULL, 20, '', 1),
  (505, 54, 'insurance', 'Insurance', NULL, NULL, 10, '', 1),
  (506, 54, 'patient', 'Patient', NULL, NULL, 20, '', 1),
  (508, 55, 'all', 'All', NULL, NULL, 10, '', 1),
  (509, 55, 'today', 'Today', NULL, NULL, 20, '', 1),
  (510, 55, 'this_month_to_date', 'This Month to Date', NULL, NULL, 30, '', 1),
  (511, 55, 'last_month', 'Last Month', NULL, NULL, 40, '', 1),
  (512, 55, 'this_week_to_date', 'This Week to Date', NULL, NULL, 50, '', 1),
  (513, 55, 'this_calendar_year', 'This Calendar Year', NULL, NULL, 60, '', 1),
  (514, 55, 'last_calendar_year', 'Last Calendar Year', NULL, NULL, 70, '', 1),
  (515, 55, 'custom', 'Custom', NULL, NULL, 80, '', 1),
  (518, 57, 'disclosure-treatment', 'Treatment', NULL, NULL, 10, '', 1),
  (519, 57, 'disclosure-payment', 'Payment', NULL, NULL, 20, '', 1),
  (520, 57, 'disclosure-healthcareoperations', 'Health Care Operations', NULL, NULL, 30, '', 1),
  (522, 58, '449868002', 'Current every day smoker', '449868002', 'SNOMEDCT', 10, 'SNOMED-CT values acceptable for Smoking Status', 1),
  (523, 58, '428041000124106', 'Current some day smoker', '428041000124106', 'SNOMEDCT', 20, 'SNOMED-CT values acceptable for Smoking Status', 1),
  (524, 58, '8517006', 'Former smoker', '8517006', 'SNOMEDCT', 30, 'SNOMED-CT values acceptable for Smoking Status', 1),
  (525, 58, '266919005', 'Never smoker', '266919005', 'SNOMEDCT', 40, 'SNOMED-CT values acceptable for Smoking Status', 1),
  (526, 58, '77176002', 'Smoker, current status unknown', '77176002', 'SNOMEDCT', 50, 'SNOMED-CT values acceptable for Smoking Status', 1),
  (527, 58, '266927001', 'Unknown if ever smoked', '266927001', 'SNOMEDCT', 60, 'SNOMED-CT values acceptable for Smoking Status', 1),
  (529, 59, 'N', 'Not Hispanic or Latino', '2186-5', 'HL70189', 10, 'HL7 Table 0189', 1),
  (530, 59, 'U', 'Unknown', 'U', 'HL70189', 20, 'HL7 Table 0189', 1),
  (538, 61, 'date_val', 'Date', NULL, NULL, 10, '', 1),
  (539, 61, 'post_to_date', 'Post To Date', NULL, NULL, 20, '', 1),
  (540, 61, 'deposit_date', 'Deposit Date', NULL, NULL, 30, '', 1),
  (542, 62, 'Oral', 'Oral', NULL, NULL, 10, '', 1),
  (543, 62, 'Tympanic Membrane', 'Tympanic Membrane', NULL, NULL, 50, '', 1),
  (544, 62, 'Rectal', 'Rectal', NULL, NULL, 20, '', 1),
  (545, 62, 'Axillary', 'Axillary', NULL, NULL, 30, '', 1),
  (546, 62, 'Temporal Artery', 'Temporal Artery', NULL, NULL, 40, '', 1),
  (564, 74, 'Unassigned', 'Unassigned', NULL, NULL, 0, '', 1),
  (565, 74, 'Resolved', 'Resolved', NULL, NULL, 0, '', 1),
  (566, 74, 'Improved', 'Improved', NULL, NULL, 0, '', 1),
  (567, 74, 'Status quo', 'Status quo', NULL, NULL, 0, '', 1),
  (568, 74, 'Worse', 'Worse', NULL, NULL, 0, '', 1),
  (569, 74, 'Pending followup', 'Pending followup', NULL, NULL, 0, '', 1),
  (570, 75, 'Norvasc', 'Norvasc', NULL, NULL, 0, '', 1),
  (571, 75, 'Lipitor', 'Lipitor', NULL, NULL, 0, '', 1),
  (572, 75, 'Metformin', 'Metformin', NULL, NULL, 0, '', 1),
  (573, 76, 'tonsillectomy', 'tonsillectomy', NULL, NULL, 0, '', 1),
  (574, 76, 'appendectomy', 'appendectomy', NULL, NULL, 0, '', 1),
  (575, 76, 'cholecystectomy', 'cholecystectomy', NULL, NULL, 0, '', 1),
  (576, 77, 'Week', 'Week', NULL, NULL, 0, '', 1),
  (577, 77, 'Year', 'Year', NULL, NULL, 0, '', 1),
  (578, 77, 'Month', 'Month', NULL, NULL, 0, '', 1),
  (579, 56, 'CPT4', 'CPT4', NULL, NULL, 10, '', 1),
  (581, 56, 'HCPCS', 'HCPCS', NULL, NULL, 30, '', 1),
  (582, 78, '4', 'Laboratory Tests', NULL, NULL, 20, '', 1),
  (583, 78, '3', 'Immunizations', NULL, NULL, 10, '', 1),
  (584, 78, '1516', 'Diagnostic Tests', NULL, NULL, 30, '', 1),
  (585, 56, 'CVX', 'CVX', NULL, NULL, 40, '', 1),
  (586, 56, 'LOINC', 'LOINC', NULL, NULL, 50, '', 1),
  (587, 38, 'U/kg', 'U/kg', NULL, NULL, 0, '', 1),
  (588, 38, 'U/L', 'U/L', NULL, NULL, 0, '', 1),
  (589, 38, 'mmol/L', 'mmol/L', NULL, NULL, 0, '', 1),
  (590, 38, 'miliU/L', 'miliU/L', NULL, NULL, 0, '', 1),
  (591, 38, 'meq/L', 'meq/L', NULL, NULL, 0, '', 1),
  (592, 38, 'mEq/L', 'mEq/L', NULL, NULL, 0, '', 1),
  (593, 38, 'mEq/dl', 'mEq/dl', NULL, NULL, 0, '', 1),
  (594, 38, 'M/uL', 'M/uL', NULL, NULL, 0, '', 1),
  (595, 38, 'ug/dL', 'ug/dL', NULL, NULL, 0, '', 1),
  (596, 38, 'K/uL', 'K/uL', NULL, NULL, 0, '', 1),
  (597, 38, '10S3/mm3', '10S3/mm3', NULL, NULL, 0, '', 1),
  (598, 38, '10S6/mm3', '10S6/mm3', NULL, NULL, 0, '', 1),
  (599, 38, 'ng/mL', 'ng/mL', NULL, NULL, 0, '', 1),
  (600, 38, 'IU/L', 'IU/L', NULL, NULL, 0, '', 0),
  (601, 79, 'Skin', 'Skin', NULL, NULL, 0, '', 1),
  (602, 79, 'Local', 'Local', NULL, NULL, 0, '', 1),
  (603, 79, 'Abdominal', 'Abdominal', NULL, NULL, 0, '', 1),
  (604, 79, 'Systemic / Anaphylactic', 'Systemic / Anaphylactic', NULL, NULL, 0, '', 1),
  (605, 80, 'Rash - localized', 'Rash - localized', '271807003', 'SNOMEDCT', 0, '', 1),
  (606, 80, 'Rash - generalized', 'Rash - generalized', '200892002', 'SNOMEDCT', 0, '', 1),
  (607, 80, 'Itchiness', 'Itchiness', '418290006', 'SNOMEDCT', 0, '', 1),
  (608, 80, 'Patchy swelling-skin', 'Patchy swelling-skin', '300886007', 'SNOMEDCT', 0, '', 1),
  (609, 80, 'Facial swelling', 'Facial swelling', '278528006', 'SNOMEDCT', 0, '', 1),
  (610, 80, 'Hives', 'Hives', '247472004', 'SNOMEDCT', 0, '', 1),
  (611, 81, 'Conjunctivitis', 'Conjunctivitis', '9826008', 'SNOMEDCT', 0, '', 1),
  (612, 81, 'Runny nose', 'Runny nose', '64531003', 'SNOMEDCT', 0, '', 1),
  (613, 81, 'Cough', 'Cough', '49727002', 'SNOMEDCT', 0, '', 1),
  (614, 82, 'Pain / cramping', 'Pain / cramping', '21522001', 'SNOMEDCT', 0, '', 1),
  (615, 82, 'Bloating / gas', 'Bloating / gas', '116289008', 'SNOMEDCT', 0, '', 1),
  (616, 82, 'Vomiting', 'Vomiting', '16932000', 'SNOMEDCT', 0, '', 1),
  (617, 82, 'Diarrhea', 'Diarrhea', '62315008', 'SNOMEDCT', 0, '', 1),
  (618, 82, 'Nausea', 'Nausea', '422587007', 'SNOMEDCT', 0, '', 1),
  (619, 83, 'Shortness of breath', 'Shortness of breath', '267036007', 'SNOMEDCT', 10, '', 1),
  (620, 83, 'Wheezing', 'Wheezing', '56018004', 'SNOMEDCT', 20, '', 1),
  (621, 83, 'Tongue swelling', 'Tongue swelling', '421262002', 'SNOMEDCT', 30, '', 1),
  (622, 83, 'Difficulty swallowing food', 'Difficulty swallowing food', '288945004', 'SNOMEDCT', 40, '', 1),
  (623, 83, 'Dizziness / Lightheadedness', 'Dizziness / Lightheadedness', '404640003', 'SNOMEDCT', 60, '', 1),
  (625, 83, 'Chest Pain', 'Chest Pain', '29857009', 'SNOMEDCT', 80, '', 1),
  (626, 83, 'Irregular Heartbeat', 'Irregular Heartbeat', '361138002', 'SNOMEDCT', 90, '', 1),
  (627, 83, 'Tachycardia', 'Tachycardia', '3424008', 'SNOMEDCT', 100, '', 1),
  (628, 83, 'Bradycardia', 'Bradycardia', '48867003', 'SNOMEDCT', 110, '', 1),
  (629, 83, 'Respiratory Distress', 'Respiratory Distress', '271825005', 'SNOMEDCT', 120, '', 1),
  (630, 84, 'Mild', 'Mild', '255604002', 'SNOMEDCT', 10, '', 1),
  (631, 84, 'Mild to moderate', 'Mild to moderate', '371923003', 'SNOMEDCT', 20, '', 1),
  (632, 84, 'Moderate', 'Moderate', '6736007', 'SNOMEDCT', 30, '', 1),
  (633, 84, 'Moderate to severe', 'Moderate to severe', '371924009', 'SNOMEDCT', 40, '', 1),
  (634, 85, 'Drug allergy', 'Drug allergy', '416098002', 'SNOMEDCT', 10, '', 1),
  (635, 85, 'Food allergy', 'Food allergy', '414285001', 'SNOMEDCT', 20, '', 1),
  (636, 85, 'Allergy to substance', 'Environmental allergy (substance)', '419199007', 'SNOMEDCT', 30, '', 1),
  (637, 78, '1517', 'Disease Management', NULL, NULL, 10, '', 1),
  (638, 78, '1518', 'Pedriatic Vaccines', NULL, NULL, 10, '', 1),
  (640, 86, 'QH', 'every hour', NULL, NULL, 10, '', 1),
  (641, 86, 'Q2H', 'every 2 hours', NULL, NULL, 20, '', 1),
  (642, 86, 'Q4H', 'every 4 hours', NULL, NULL, 30, '', 1),
  (643, 86, 'Q6H', 'every 6 hours', NULL, NULL, 40, '', 1),
  (644, 86, 'Q8H', 'every 8 hours', NULL, NULL, 50, '', 1),
  (645, 86, 'QHS', 'every bedtime', NULL, NULL, 60, '', 1),
  (646, 86, 'QD', 'every day', NULL, NULL, 70, '', 1),
  (647, 86, 'QOD', 'every other day', NULL, NULL, 80, '', 1),
  (648, 86, 'QWK', 'every week', NULL, NULL, 90, '', 1),
  (649, 86, 'QMO', 'every month', NULL, NULL, 100, '', 1),
  (650, 86, 'BID', 'twice a day', NULL, NULL, 110, '', 1),
  (651, 87, 'before meals', 'before meals', NULL, NULL, 0, '', 1),
  (652, 87, 'at bedtime', 'at bedtime', NULL, NULL, 0, '', 1),
  (653, 87, 'between meals', 'between meals', NULL, NULL, 0, '', 1),
  (654, 87, 'after meals', 'after meals', NULL, NULL, 0, '', 1),
  (655, 88, 'right ear', 'right ear', NULL, NULL, 0, '', 1),
  (656, 88, 'left ear', 'left ear', NULL, NULL, 0, '', 1),
  (657, 88, 'left eye', 'left eye', NULL, NULL, 0, '', 1),
  (658, 88, 'right eye', 'right eye', NULL, NULL, 0, '', 1),
  (659, 88, 'both eyes', 'both eyes', NULL, NULL, 0, '', 1),
  (660, 88, 'by mouth', 'by mouth', NULL, NULL, 0, '', 1),
  (661, 88, 'both ears', 'both ears', NULL, NULL, 0, '', 1),
  (662, 88, 'sublingual', 'sublingual', NULL, NULL, 0, '', 1),
  (663, 88, 'apply topically', 'apply topically', NULL, NULL, 0, '', 1),
  (664, 89, 'capsule', 'capsule', NULL, NULL, 0, '', 1),
  (665, 89, 'drops', 'drops', NULL, NULL, 0, '', 1),
  (666, 89, 'drop', 'drop', NULL, NULL, 0, '', 1),
  (667, 89, 'milligrams', 'milligrams', NULL, NULL, 0, '', 1),
  (668, 89, 'milligram', 'milligram', NULL, NULL, 0, '', 1),
  (669, 89, 'milliliters', 'milliliters', NULL, NULL, 0, '', 1),
  (670, 89, 'tablet', 'tablet', NULL, NULL, 0, '', 1),
  (671, 89, 'tablets', 'tablets', NULL, NULL, 0, '', 1),
  (672, 89, 'tablespoon (15ml)', 'tablespoon (15ml)', NULL, NULL, 0, '', 1),
  (673, 89, 'teaspoon (5ml)', 'teaspoon (5ml)', NULL, NULL, 0, '', 1),
  (674, 20, 'PR', 'Puerto Rico', NULL, NULL, 0, '', 1),
  (675, 59, 'H', 'Hispanic or Latino', '2135-2', 'HL70189', 0, 'HL7 Table 0189', 1),
  (676, 19, '', 'Both', '', '', 0, '', 1),
  (677, 90, '1 Day', '1 Day', NULL, NULL, 10, '', 1),
  (678, 90, '2 Days', '2 Days', NULL, NULL, 20, '', 1),
  (679, 90, '3 Days', '3 Days', NULL, NULL, 30, '', 1),
  (680, 90, '1 Week', '1 Week', NULL, NULL, 40, '', 1),
  (681, 90, '2 Weeks', '2 Weeks', NULL, NULL, 50, '', 1),
  (682, 90, '3 Weeks', '3 Weeks', NULL, NULL, 60, '', 1),
  (683, 90, '1 Month', '1 Month', NULL, NULL, 70, '', 1),
  (684, 90, '2 Months', '2 Months', NULL, NULL, 80, '', 1),
  (685, 90, '3 Months', '3 Months', NULL, NULL, 90, '', 1),
  (686, 90, '4 Months', '4 Months', NULL, NULL, 100, '', 1),
  (687, 90, '5 Months', '5 Months', NULL, NULL, 110, '', 1),
  (688, 90, '6 Months', '6 Months', NULL, NULL, 120, '', 1),
  (689, 90, '1 Year', '1 Year', NULL, NULL, 130, '', 1),
  (690, 90, '2 Years', '2 Years', NULL, NULL, 140, '', 1),
  (691, 91, '(N) Problem-Focused', '(N) Problem-Focused', '99201', 'CPT', 10, '', 1),
  (692, 91, '(N) Expanded Problem-Focused', '(N) Expanded Problem-Focused', '99202', 'CPT', 20, '', 1),
  (693, 91, '(N) Detailed', '(N) Detailed', '99203', 'CPT', 30, '', 1),
  (694, 91, '(N) Comprehensive', '(N) Comprehensive', '99204', 'CPT', 40, '', 1),
  (695, 93, '1', 'Yes', NULL, NULL, 0, '', 1),
  (696, 93, '2', 'No', NULL, NULL, 0, '', 1),
  (697, 93, '3', 'N/A', NULL, NULL, 0, '', 1),
  (698, 94, 'Minimal', 'Minimal', NULL, NULL, 10, '', 1),
  (699, 94, 'Delayed', 'Delayed', NULL, NULL, 20, '', 1),
  (700, 94, 'Immediate', 'Immediate', NULL, NULL, 30, '', 1),
  (701, 94, 'Expectant', 'Expectant', NULL, NULL, 40, '', 1),
  (702, 94, 'Deceased', 'Deceased', NULL, NULL, 50, '', 1),
  (703, 91, '(E) Problem-Focused', '(E) Problem-Focused', '99212', 'CPT', 50, '', 1),
  (704, 95, 'M', 'Male', 'M', 'HL70001', 20, 'HL7 Table 0001', 1),
  (705, 95, 'F', 'Female', 'F', 'HL70001', 10, 'HL7 Table 0001', 1),
  (706, 95, 'A', 'Ambiguous', 'A', 'HL70001', 30, 'HL7 Table 0001', 1),
  (709, 95, 'O', 'Other', 'O', 'HL70001', 40, 'HL7 Table 0001', 1),
  (710, 86, 'TID', 'three a day', NULL, NULL, 120, '', 1),
  (711, 86, 'QID', 'four a day', NULL, NULL, 130, '', 1),
  (712, 86, 'X2D', 'time 2 days', NULL, NULL, 140, '', 1),
  (713, 86, 'X4D', 'time 4 days', NULL, NULL, 150, '', 1),
  (714, 86, 'X6D', 'time 6 days', NULL, NULL, 160, '', 1),
  (715, 86, 'X8D', 'time 8 days', NULL, NULL, 170, '', 1),
  (716, 86, 'TDS', '3 times a day', NULL, NULL, 180, '', 1),
  (717, 86, 'AC', 'defore meals', NULL, NULL, 190, '', 1),
  (718, 86, 'lPC', 'after mea', NULL, NULL, 200, '', 1),
  (719, 86, 'HS', 'at bedtime', NULL, NULL, 210, '', 1),
  (720, 86, 'PRN', 'as needed', NULL, NULL, 220, '', 1),
  (724, 96, 'P', 'Primary', '', '', 10, '', 1),
  (725, 96, 'S', 'Secondary', '', '', 20, '', 1),
  (726, 96, 'C', 'Complementary', '', '', 30, '', 1),
  (727, 96, 'D', 'Disabled', '', '', 40, '', 1),
  (728, 14, '1002-5', 'American Indian or Alaska Native', '1002-5', 'HL70005', 0, 'HL7 Table 0005', 1),
  (729, 12, 'O', 'Other', 'O', 'HL70002', 70, 'HL7 Table 0002', 1),
  (730, 25, '08', 'Employee', '08', 'HL70344', 50, 'HL7 Table 0344', 1),
  (731, 25, '18', 'Parent', '18', 'HL70344', 30, 'HL7 Table 0344', 1),
  (732, 97, 'A', 'Add ordered tests to the existing specimen', 'A', 'HL70065', 0, 'HL7 Table 0065', 1),
  (733, 97, 'G', 'Generated order; reflex order', 'G', 'HL70065', 0, 'HL7 Table 0065', 1),
  (734, 97, 'L', 'Lab to obtain specimen from patient', 'L', 'HL70065', 0, 'HL7 Table 0065', 1),
  (735, 97, 'O', 'Specimen obtained by service other than Lab', 'O', 'HL70065', 0, 'HL7 Table 0065', 1),
  (736, 97, 'P', 'Pending specimen; Order sent prior to delivery', 'P', 'HL70065', 0, 'HL7 Table 0065', 1),
  (737, 97, 'R', 'Revised order', 'R', 'HL70065', 0, 'HL7 Table 0065', 1),
  (738, 97, 'S', 'Schedule the tests specified below', 'S', 'HL70065', 0, 'HL7 Table 0065', 1),
  (739, 98, 'A', 'Some, but not all, results available', 'A', 'HL70123', 10, 'HL7 Table 0123', 1),
  (740, 98, 'C', 'Correction to results', 'C', 'HL70123', 20, 'HL7 Table 0123', 1),
  (741, 98, 'F', 'Final results; results stored and verified. Can only be changed with a corrected result.', 'F', 'HL70123', 30, 'HL7 Table 0123', 1),
  (742, 98, 'I', 'No results available; specimen received, procedure incomplete', 'I', 'HL70123', 40, 'HL7 Table 0123', 1),
  (743, 98, 'O', 'Order received; specimen not yet received', 'O', 'HL70123', 50, 'HL7 Table 0123', 1),
  (744, 98, 'P', 'Preliminary: A verified early result is available, final results not yet obtained', 'P', 'HL70123', 60, 'HL7 Table 0123', 1),
  (745, 98, 'R', 'Results stored; not yet verified', 'R', 'HL70123', 70, 'HL7 Table 0123', 1),
  (746, 98, 'S', 'No results available; procedure scheduled, but not done', 'S', 'HL70123', 80, 'HL7 Table 0123', 1),
  (747, 98, 'X', 'No results available; Order canceled.', 'X', 'HL70123', 90, 'HL7 Table 0123', 1),
  (748, 98, 'Y', 'No order on record for this test. (Used only on queries)', 'Y', 'HL70123', 100, 'HL7 Table 0123', 1),
  (749, 98, 'Z', 'No record of this patient. (Used only on queries)', 'Z', 'HL70123', 110, 'HL7 Table 0123', 1),
  (750, 99, 'F', 'Film-with-patient', NULL, NULL, 10, 'HL7 Table 0507', 1),
  (751, 99, 'N', 'Notify provider when ready', NULL, NULL, 20, 'HL7 Table 0507', 1),
  (752, 100, 'L', 'Below low normal', NULL, NULL, 10, 'HL7 Table 0078', 1),
  (753, 100, 'H', 'Above high normal', NULL, NULL, 20, 'HL7 Table 0078', 1),
  (754, 100, 'LL', 'Below lower panic limits', NULL, NULL, 30, 'HL7 Table 0078', 1),
  (755, 100, 'HH', 'Above upper panic limits', NULL, NULL, 40, 'HL7 Table 0078', 1),
  (756, 100, '<', 'Below absolute low-off instrument scale', NULL, NULL, 50, 'HL7 Table 0078', 1),
  (757, 100, '>', 'Above absolute high-off instrument scale', NULL, NULL, 60, 'HL7 Table 0078', 1),
  (758, 100, 'N', 'Normal', NULL, NULL, 70, 'HL7 Table 0078', 1),
  (759, 100, 'A', 'Abnormal', NULL, NULL, 80, 'HL7 Table 0078', 1),
  (760, 100, 'AA', 'Very abnormal', NULL, NULL, 90, 'HL7 Table 0078', 1),
  (761, 100, 'null', 'No range defined, or normal ranges don''t apply', NULL, NULL, 100, 'HL7 Table 0078', 1),
  (762, 100, 'U', 'Significant change up', NULL, NULL, 110, 'HL7 Table 0078', 1),
  (763, 100, 'D', 'Significant change down', NULL, NULL, 120, 'HL7 Table 0078', 1),
  (764, 100, 'B', 'Better', NULL, NULL, 130, 'HL7 Table 0078', 1),
  (765, 100, 'W', 'Worse', NULL, NULL, 140, 'HL7 Table 0078', 1),
  (766, 100, 'S', 'Susceptible', NULL, NULL, 150, 'HL7 Table 0078', 1),
  (767, 100, 'R', 'Resistant', NULL, NULL, 160, 'HL7 Table 0078', 1),
  (768, 100, 'I', 'Intermediate', NULL, NULL, 170, 'HL7 Table 0078', 1),
  (769, 100, 'MS', 'Moderately susceptible', NULL, NULL, 180, 'HL7 Table 0078', 1),
  (770, 100, 'VS', 'Very susceptible', NULL, NULL, 190, 'HL7 Table 0078', 1),
  (771, 58, '428071000124103', 'Heavy tobacco smoker', '428071000124103', 'SNOMEDCT', 70, 'SNOMED-CT values acceptable for Smoking Status', 1),
  (772, 58, '428061000124105', 'Light tobacco smoker', '428061000124105', 'SNOMEDCT', 80, 'SNOMED-CT values acceptable for Smoking Status', 1),
  (773, 101, '229819007', 'Tobacco use and exposure', '229819007', 'SNOMEDCT', 0, '', 1),
  (774, 101, '256235009', 'Exercise', '256235009', 'SNOMEDCT', 0, '', 1),
  (775, 101, '160573003', 'Alcohol intake', '160573003', 'SNOMEDCT', 0, '', 1),
  (776, 101, '364393001', 'Nutritional observable', '364393001', 'SNOMEDCT', 0, '', 1),
  (777, 101, '364703007', 'Employment detail', '364703007', 'SNOMEDCT', 0, '', 1),
  (778, 101, '425400000', 'Toxic exposure status', '425400000', 'SNOMEDCT', 0, '', 1),
  (779, 101, '363908000', 'Details of drug misuse behavior', '363908000', 'SNOMEDCT', 0, '', 1),
  (780, 101, '228272008', 'Health-related behavior', '228272008', 'SNOMEDCT', 0, '', 1),
  (781, 101, '105421008', 'Educational Achievement', '105421008', 'SNOMEDCT', 0, '', 1),
  (782, 102, 'Referral', 'Referral', '', '', 60, '', 1),
  (783, 102, 'General', 'General', '', '', 30, '', 1),
  (784, 102, 'Rx', 'Rx', '', '', 70, '', 1),
  (785, 102, 'Lab', 'Lab', '', '', 40, '', 1),
  (786, 102, 'X-Ray', 'X-Ray', '', '', 80, '', 1),
  (787, 102, 'CT', 'CT', '', '', 20, '', 1),
  (788, 102, 'Legal', 'Legal', '', '', 50, '', 1),
  (789, 102, 'Doctors Note', 'Doctors Note', '', '', 10, '', 1),
  (790, 103, 'Y', 'Yes', 'Y', 'HL70136', 10, 'HL7 Table 0136', 1),
  (791, 103, 'N', 'No', 'N', 'HL70136', 20, 'HL7 Table 0136', 1),
  (792, 104, 'USA', 'USA', '', '', 0, '', 1),
  (793, 105, '160593006', 'Alcohol intake within recommended sensible limits', '160593006', 'SNOMED', 10, '', 1),
  (795, 105, '428202005', 'Alcohol intake within recommended daily limit', '428202005', 'SNOMED', 30, '', 1),
  (796, 105, '429775004', 'Alcohol intake exceeds recommended daily limit', '429775004', 'SNOMED', 40, '', 1),
  (797, 105, '413968004', 'Denies alcohol abuse', '413968004', 'SNOMED', 50, '', 1),
  (798, 105, '160580001', 'Alcohol consumption unknown', '160580001', 'SNOMED', 60, '', 1),
  (799, 105, '160592001', 'Alcohol intake above recommended sensible limits', '160592001', 'SNOMED', 70, '', 1),
  (801, 106, '228494002', 'Snuff user', '228494002', 'SNOMED', 20, '', 1),
  (802, 106, '59978006', 'Cigar smoker', '59978006', 'SNOMED', 30, '', 1),
  (803, 106, '43381005', 'Passive smoker', '43381005', 'SNOMED', 40, '', 1),
  (804, 106, '228524006', 'Exposed to tobacco smoke at home', '228524006', 'SNOMED', 50, '', 1),
  (805, 106, '427189007', 'Maternal tobacco use', '427189007', 'SNOMED', 60, '', 1),
  (806, 106, '394871007', 'Thinking about stopping smoking', '394871007', 'SNOMED', 70, '', 1),
  (807, 106, '65568007', 'Cigarette smoker', '65568007', 'SNOMED', 80, '', 1),
  (808, 106, '160619003', 'Rolls own cigarettes', '160619003', 'SNOMED', 90, '', 1),
  (809, 106, '266927001', 'Pipe smoker', '266927001', 'SNOMED', 100, '', 1),
  (810, 106, '81703003', 'Chews tobacco', '81703003', 'SNOMED', 110, '', 1),
  (811, 106, '428061000124105', 'Light tobacco smoker', '428061000124105', 'SNOMED', 120, '', 1),
  (814, 107, '413460004', 'Aerobic exercise five times a week (finding)', '413460004', 'SNOMED', 0, '', 1),
  (815, 107, '413461000', 'Aerobic exercise four times a week (finding)', '413461000', 'SNOMED', 0, '', 1),
  (816, 107, '160637002', 'Aerobic exercise once a week (finding)', '160637002', 'SNOMED', 0, '', 1),
  (817, 107, '160639004', 'Aerobic exercise three or more times per week (finding)', '160639004', 'SNOMED', 0, '', 1),
  (818, 107, '413462007', 'Aerobic exercise three times a week (finding)', '413462007', 'SNOMED', 0, '', 1),
  (819, 107, '160638007', 'Aerobic exercise twice a week (finding)', '160638007', 'SNOMED', 0, '', 1),
  (820, 107, '160636006', 'Aerobic exercise zero times a week (finding)', '160636006', 'SNOMED', 0, '', 1),
  (821, 107, '160641003', 'Anaerobic exercise once a week (finding)', '160641003', 'SNOMED', 0, '', 1),
  (822, 107, '160643000', 'Anaerobic exercise three or more times per week (finding)', '160643000', 'SNOMED', 0, '', 1),
  (823, 107, '160642005', 'Anaerobic exercise twice a week (finding)', '160642005', 'SNOMED', 0, '', 1),
  (824, 107, '160640002', 'Anaerobic exercise zero times a week (finding)', '160640002', 'SNOMED', 0, '', 1),
  (825, 107, '160644006', 'Attends exercise classes (finding)', '160644006', 'SNOMED', 0, '', 1),
  (826, 107, '160630000', 'Avoids even trivial exercise (finding)', '160630000', 'SNOMED', 0, '', 1),
  (827, 107, '160634009', 'Competitive athlete (finding)', '160634009', 'SNOMED', 0, '', 1),
  (828, 107, '423675002', 'Difficulty following postpartum exercise routine (finding)', '423675002', 'SNOMED', 0, '', 1),
  (829, 107, '424037008', 'Difficulty following prenatal exercise routine (finding)', '424037008', 'SNOMED', 0, '', 1),
  (830, 107, '160633003', 'Enjoys heavy exercise (finding)', '160633003', 'SNOMED', 0, '', 1),
  (831, 107, '160645007', 'Enjoys intermediate exercise (finding)', '160645007', 'SNOMED', 0, '', 1),
  (832, 107, '160631001', 'Enjoys light exercise (finding)', '160631001', 'SNOMED', 0, '', 1),
  (833, 107, '160632008', 'Enjoys moderate exercise (finding)', '160632008', 'SNOMED', 0, '', 1),
  (834, 107, '102533007', 'Excessive exercise (finding)', '102533007', 'SNOMED', 0, '', 1),
  (835, 107, '248120002', 'Excessive exercising to lose weight (finding)', '248120002', 'SNOMED', 0, '', 1),
  (836, 107, '424805008', 'Exercise above recommended level (finding)', '424805008', 'SNOMED', 0, '', 1),
  (837, 107, '413300002', 'Exercise below recommended level (finding)', '413300002', 'SNOMED', 0, '', 1),
  (838, 107, '160629005', 'Exercise physically impossible (finding)', '160629005', 'SNOMED', 0, '', 1),
  (839, 107, '228448000', 'Exercises regularly (finding)', '228448000', 'SNOMED', 0, '', 1),
  (840, 107, '160646008', 'Level 0; no moderate or vigorous activity with a duration of 20 minutes (finding)', '160646008', 'SNOMED', 0, '', 1),
  (841, 107, '160647004', 'Level 1; 1-4 occasions of a mix of moderate and vigorous activity in 4 weeks (finding)', '160647004', 'SNOMED', 0, '', 1),
  (842, 107, '160648009', 'Level 2; 5-11 occasions of a mix of moderate and vigorous activity in 4 weeks (finding)', '160648009', 'SNOMED', 0, '', 1),
  (843, 107, '160649001', 'Level 3; 12 or more occasions of a moderate activity in 4 weeks (finding)', '160649001', 'SNOMED', 0, '', 1),
  (844, 107, '160650001', 'Level 4; 12 or more occasions of a mix of moderate and vigorous activity in 4 weeks (finding)', '160650001', 'SNOMED', 0, '', 1),
  (845, 107, '160651002', 'Level 5; 12 or more occasions of a vigorous activity in 4 weeks (finding)', '160651002', 'SNOMED', 0, '', 1),
  (846, 107, '228446001', 'Gets little exercise (finding)', '228446001', 'SNOMED', 0, '', 1),
  (847, 107, '228445002', 'Gets no exercise (finding)', '228445002', 'SNOMED', 0, '', 1),
  (848, 107, '40979000', 'Lack of exercise (finding)', '40979000', 'SNOMED', 0, '', 1),
  (850, 107, '129861002', 'Physical activity finding (finding)', '129861002', 'SNOMED', 0, '', 1),
  (851, 107, '408580007', 'Physical activity target light exercise (finding)', '408580007', 'SNOMED', 0, '', 1),
  (852, 107, '408578001', 'Physical activity target minimal exercise (finding)', '408578001', 'SNOMED', 0, '', 1),
  (853, 107, '408581006', 'Physical activity target moderate exercise (finding)', '408581006', 'SNOMED', 0, '', 1),
  (854, 107, '408579009', 'Physical activity target strenuous exercise (finding)', '408579009', 'SNOMED', 0, '', 1),
  (855, 107, '228447005', 'Physically active (finding)', '228447005', 'SNOMED', 0, '', 1),
  (856, 107, '415510005', 'Sedentary lifestyle (finding)', '415510005', 'SNOMED', 0, '', 1),
  (857, 107, '14468000', 'Sports activity (observable entity)', '14468000', 'SNOMED', 0, '', 1),
  (858, 107, '160652009', 'Takes inadequate exercise (finding)', '160652009', 'SNOMED', 0, '', 1),
  (940, 108, '191819002', 'Continuous opioid dependence (disorder)', '191819002', 'SNOMED', 0, '', 1),
  (941, 108, '191820008', 'Episodic opioid dependence (disorder)', '191820008', 'SNOMED', 0, '', 1),
  (942, 108, '191821007', 'Opioid dependence in remission (disorder)', '191821007', 'SNOMED', 0, '', 1),
  (943, 108, '191825003', 'Hypnotic or anxiolytic dependence, continuous (disorder)', '191825003', 'SNOMED', 0, '', 1),
  (944, 108, '191826002', 'Hypnotic or anxiolytic dependence, episodic (disorder)', '191826002', 'SNOMED', 0, '', 1),
  (945, 108, '191827006', 'Hypnotic or anxiolytic dependence in remission (disorder)', '191827006', 'SNOMED', 0, '', 1),
  (946, 108, '191831000', 'Cocaine dependence, continuous (disorder)', '191831000', 'SNOMED', 0, '', 1),
  (947, 108, '191832007', 'Cocaine dependence, episodic (disorder)', '191832007', 'SNOMED', 0, '', 1),
  (948, 108, '191833002', 'Cocaine dependence in remission (disorder)', '191833002', 'SNOMED', 0, '', 1),
  (949, 108, '191843004', 'Amphetamine or psychostimulant dependence, continuous (disorder)', '191843004', 'SNOMED', 0, '', 1),
  (950, 108, '191844005', 'Amphetamine or psychostimulant dependence, episodic (disorder)', '191844005', 'SNOMED', 0, '', 1),
  (951, 108, '191845006', 'Amphetamine or psychostimulant dependence in remission (disorder)', '191845006', 'SNOMED', 0, '', 1),
  (952, 108, '191905001', 'Nondependent hypnotic or anxiolytic abuse, continuous (disorder)', '191905001', 'SNOMED', 0, '', 1),
  (953, 108, '191906000', 'Nondependent hypnotic or anxiolytic abuse, episodic (disorder)', '191906000', 'SNOMED', 0, '', 1),
  (954, 108, '191907009', 'Nondependent hypnotic or anxiolytic abuse in remission (disorder)', '191907009', 'SNOMED', 0, '', 1),
  (955, 108, '191909007', 'Nondependent opioid abuse (disorder)', '191909007', 'SNOMED', 0, '', 1),
  (956, 108, '191912005', 'Nondependent opioid abuse, continuous (disorder)', '191912005', 'SNOMED', 0, '', 1),
  (957, 108, '191913000', 'Nondependent opioid abuse, episodic (disorder)', '191913000', 'SNOMED', 0, '', 1),
  (958, 108, '191914006', 'Nondependent opioid abuse in remission (disorder)', '191914006', 'SNOMED', 0, '', 1),
  (959, 108, '191916008', 'Nondependent cocaine abuse (disorder)', '191916008', 'SNOMED', 0, '', 1),
  (960, 108, '191918009', 'Nondependent cocaine abuse, continuous (disorder)', '191918009', 'SNOMED', 0, '', 1),
  (961, 108, '191919001', 'Nondependent cocaine abuse, episodic (disorder)', '191919001', 'SNOMED', 0, '', 1),
  (962, 108, '191920007', 'Nondependent cocaine abuse in remission (disorder)', '191920007', 'SNOMED', 0, '', 1),
  (963, 108, '191924003', 'Nondependent amphetamine or psychostimulant abuse, continuous (disorder)', '191924003', 'SNOMED', 0, '', 1),
  (964, 108, '191925002', 'Nondependent amphetamine or psychostimulant abuse, episodic (disorder)', '191925002', 'SNOMED', 0, '', 1),
  (965, 108, '21647008', 'Amphetamine dependence (disorder)', '21647008', 'SNOMED', 0, '', 1),
  (966, 108, '231461004', 'Hypnotic or anxiolytic abuse (disorder)', '231461004', 'SNOMED', 0, '', 1),
  (967, 108, '231462006', 'Barbiturate abuse (disorder)', '231462006', 'SNOMED', 0, '', 1),
  (968, 108, '231470001', 'Anxiolytic dependence (disorder)', '231470001', 'SNOMED', 0, '', 1),
  (969, 108, '231472009', 'Barbiturate dependence (disorder)', '231472009', 'SNOMED', 0, '', 1),
  (970, 108, '231473004', 'Benzodiazepine dependence (disorder)', '231473004', 'SNOMED', 0, '', 1),
  (971, 108, '231474005', 'Diazepam dependence (disorder)', '231474005', 'SNOMED', 0, '', 1),
  (972, 108, '231475006', 'Librium dependence (disorder)', '231475006', 'SNOMED', 0, '', 1),
  (973, 108, '231477003', 'Heroin dependence (disorder)', '231477003', 'SNOMED', 0, '', 1),
  (974, 108, '231478008', 'Methadone dependence (disorder)', '231478008', 'SNOMED', 0, '', 1),
  (975, 108, '231479000', 'Morphine dependence (disorder)', '231479000', 'SNOMED', 0, '', 1),
  (976, 108, '231480002', 'Opium dependence (disorder)', '231480002', 'SNOMED', 0, '', 1),
  (977, 108, '268640002', 'Hypnotic or anxiolytic dependence (disorder)', '268640002', 'SNOMED', 0, '', 1),
  (978, 108, '268647004', 'Nondependent hypnotic or anxiolytic abuse (disorder)', '268647004', 'SNOMED', 0, '', 1),
  (979, 108, '268648009', 'Nondependent amphetamine or other psychostimulant abuse (disorder)', '268648009', 'SNOMED', 0, '', 1),
  (980, 108, '31956009', 'Cocaine dependence (disorder)', '31956009', 'SNOMED', 0, '', 1),
  (981, 108, '426001001', 'Fentanyl dependence (disorder)', '426001001', 'SNOMED', 0, '', 1),
  (982, 108, '426873000', 'Methamphetamine dependence (disorder)', '426873000', 'SNOMED', 0, '', 1),
  (983, 108, '427205009', 'Amphetamine abuse, continuous (disorder)', '427205009', 'SNOMED', 0, '', 1),
  (984, 108, '427327003', 'Sedative dependence (disorder)', '427327003', 'SNOMED', 0, '', 1),
  (985, 108, '429692000', 'Amphetamine abuse, episodic (disorder)', '429692000', 'SNOMED', 0, '', 1),
  (986, 108, '5602001', 'Opioid abuse (disorder)', '5602001', 'SNOMED', 0, '', 1),
  (987, 108, '64386003', 'Sedative abuse (disorder)', '64386003', 'SNOMED', 0, '', 1),
  (988, 108, '75544000', 'Opioid dependence (disorder)', '75544000', 'SNOMED', 0, '', 1),
  (989, 108, '78267003', 'Cocaine abuse (disorder)', '78267003', 'SNOMED', 0, '', 1),
  (990, 108, '84758004', 'Amphetamine abuse (disorder)', '84758004', 'SNOMED', 0, '', 1),
  (991, 109, '160427003', 'Mother', '160427003', 'SNOMED', 0, '', 1),
  (992, 109, '160433007', 'Father', '160433007', 'SNOMED', 0, '', 1),
  (993, 109, '160454000', 'Daughter', '160454000', 'SNOMED', 0, '', 1),
  (994, 109, '160449009', 'Son', '160449009', 'SNOMED', 0, '', 1),
  (995, 109, '160439006', 'Siister', '160439006', 'SNOMED', 0, '', 1),
  (996, 109, '160464009', 'Aunt', '160464009', 'SNOMED', 0, '', 1),
  (997, 109, '160465005', 'Uncle', '160465005', 'SNOMED', 0, '', 1),
  (998, 109, '160461001', 'Paternal Grandfather', '160461001', 'SNOMED', 0, '', 1),
  (999, 109, '160463003', 'Paternal Grandmother', '160463003', 'SNOMED', 0, '', 1),
  (1000, 109, '160460000', 'Maternal Grandfather', '160460000', 'SNOMED', 0, '', 1),
  (1001, 109, '160462008', 'Maternal Grandmother', '160462008', 'SNOMED', 0, '', 1),
  (1002, 109, '160444004', 'Brother', '160444004', 'SNOMED', 0, '', 1),
  (1003, 3, 'ESP', 'Espaa', '', '', 0, '', 1),
  (1004, 20, 'CAT', 'Catalua', '', '', 0, '', 1),
  (1005, 110, 'weight_kg', 'Weight (kilograms)', '3141-9', 'LOINC', 20, '', 1),
  (1006, 110, 'height_in', 'Height (inches)', '8302-2', 'LOINC', 30, '', 1),
  (1007, 110, 'bp_systolic', 'BP Systolic', '8480-6', 'LOINC', 50, '', 1),
  (1008, 110, 'bp_diastolic', 'BP Diastolic', '8462-4', 'LOINC', 60, '', 1),
  (1009, 110, 'pulse', 'Pulse (Heart Rate)', '8867-4', 'LOINC', 70, '', 1),
  (1010, 110, 'respiration', 'Respiratory Rate', '9279-1', 'LOINC', 80, '', 1),
  (1011, 110, 'temp_c', 'Temperature (celsius)', '8310-5', 'LOINC', 100, '', 1),
  (1012, 110, 'oxygen_saturation', 'Oxygen Saturation', '2710-2', 'LOINC', 110, '', 1),
  (1013, 110, 'head_circumference_cm', 'Head Circumference (centimeters)', '8287-5', 'LOINC', 130, '', 1),
  (1014, 110, 'bmi', 'BMI', '59575-1', 'LOINC', 140, '', 1),
  (1015, 110, 'weight_lbs', 'Weight (punds)', '3141-9', 'LOINC', 10, '', 1),
  (1016, 110, 'height_cm', 'Height (centimeters)', '8302-2', 'LOINC', 40, '', 1),
  (1017, 110, 'temp_f', 'Temperature (fahrenheit)', '8310-5', 'LOINC', 90, '', 1),
  (1018, 110, 'head_circumference_in', 'Head Circumference (inches)', '8287-5', 'LOINC', 120, '', 1),
  (1019, 111, '==', 'Equal to (=)', '', '', 10, '', 1),
  (1020, 111, '!=', 'Not equal to (!=)', '', '', 20, '', 1),
  (1021, 111, '>', 'Greater than (>)', '', '', 40, '', 1),
  (1022, 111, '<', 'Less than (<)', '', '', 30, '', 1),
  (1023, 111, '>=', 'Greater than or equal to (>=)', '', '', 60, '', 1),
  (1024, 111, '<=', 'Less than or equal to', '', '', 50, '', 1),
  (1025, 112, 'Active', 'Active', '55561003', 'SNOMED', 10, '', 1),
  (1026, 112, 'Inactive', 'Inactive', '73425007', 'SNOMED', 20, '', 1),
  (1027, 112, 'Resolved', 'Resolved', '413322009', 'SNOMED', 30, '', 1),
  (1028, 85, 'Drug intolerance', 'Drug intolerance', '59037007', 'SNOMEDCT', 40, '', 1),
  (1029, 85, 'Food intolerance', 'Food intolerance', '235719002', 'SNOMEDCT', 50, '', 1),
  (1030, 85, 'Propensity to adverse reactions to food', 'Propensity to adverse reactions to food', '418471000', 'SNOMEDCT', 80, '', 1),
  (1031, 85, 'Propensity to adverse reactions to drug', 'Propensity to adverse reactions to drug', '419511003', 'SNOMEDCT', 70, '', 1),
  (1032, 85, 'Propensity to adverse reactions to substance', 'Propensity to adverse reactions to substance', '418038007', 'SNOMEDCT', 60, '', 1),
  (1033, 113, 'Active', 'Active', '55561003', 'SNOMEDCT', 10, '', 1),
  (1034, 113, 'Inactive', 'Inactive', '73425007', 'SNOMEDCT', 20, '', 1),
  (1035, 113, 'Resolved', 'Resolved', '413322009', 'SNOMEDCT', 30, '', 1),
  (1036, 84, 'Severe', 'Severe', '24484000', 'SNOMEDCT', 50, '', 1),
  (1037, 84, 'Fatal', 'Fatal', '399166001', 'SNOMEDCT', 60, '', 1),
  (1038, 83, 'Difficulty swallowing fluid', 'Difficulty swallowing fluid', '162025006', 'SNOMEDCT', 50, '', 1),
  (1039, 83, 'Difficulty swallowing solid', 'Difficulty swallowing solid', '162024005', 'SNOMEDCT', 0, '', 1),
  (1040, 114, 'Dairy', 'Dairy', '425525006', 'SNOMEDCT', 0, '', 1),
  (1041, 114, 'Egg', 'Egg', '91930004', 'SNOMEDCT', 0, '', 1),
  (1042, 114, 'Peanut', 'Peanut', '91935009', 'SNOMEDCT', 0, '', 1),
  (1043, 114, 'Other Nuts', 'Other Nuts', '91934008', 'SNOMEDCT', 0, '', 1),
  (1044, 114, 'Seafood', 'Seafood', '91937001', 'SNOMEDCT', 0, '', 1),
  (1045, 114, 'Shellfish', 'Shellfish', '300913006', 'SNOMEDCT', 0, '', 1),
  (1047, 114, 'Wheat', 'Wheat', '420174000', 'SNOMEDCT', 0, '', 1),
  (1048, 114, 'Melons, bananas, cucumbers (ragweed pollen)', 'Melons, bananas, cucumbers (ragweed pollen)', '418561004', 'SNOMEDCT', 0, '', 1),
  (1050, 115, 'Dust', 'Dust', '390952000', 'SNOMEDCT', 10, '', 1),
  (1051, 115, 'Pollen', 'Pollen', '300910009', 'SNOMEDCT', 20, '', 1),
  (1052, 115, 'Dust Mites', 'Dust Mites', '232350006', 'SNOMEDCT', 30, '', 1),
  (1053, 115, 'Animal Dander', 'Animal Dander', '232347008', 'SNOMEDCT', 40, '', 1),
  (1054, 115, 'Insect Stings', 'Insect Stings', '276433004', 'SNOMEDCT', 50, '', 1),
  (1055, 115, 'Latex', 'Latex', '300916003', 'SNOMEDCT', 60, '', 1),
  (1056, 115, 'Nickel', 'Nickel', '419788000', 'SNOMEDCT', 80, '', 1),
  (1057, 115, 'Mold', 'Mold', '419474003', 'SNOMEDCT', 90, '', 1),
  (1058, 115, 'Aluminum', 'Aluminum', '402306009', 'SNOMEDCT', 70, '', 1),
  (1059, 114, 'Oyster', 'Oyster', '419967000', 'SNOMEDCT', 0, '', 1),
  (1060, 116, 'Event', 'Event', 'EVN', 'moodCode', 10, '', 1),
  (1061, 116, 'Intent', 'Intent', 'INT', 'moodCode', 20, '', 1),
  (1062, 116, 'Promise', 'Promise', 'PRMS', 'moodCode', 30, '', 1),
  (1063, 116, 'Proposal', 'Proposal', 'PRP', 'moodCode', 40, '', 1),
  (1064, 116, 'Request', 'Request', 'RQO', 'moodCode', 50, '', 1),
  (1065, 117, 'Ambulatory Status', 'Ambulatory Status', '282097004', 'SNOMED-CT', 30, '', 1),
  (1066, 117, 'Mental Status', 'Mental Status', '363871006', 'SNOMED-CT', 50, '', 1),
  (1067, 117, 'Activities of Daily Living', 'Activities of Daily Living', '129025006', 'SNOMED-CT', 10, '', 1),
  (1068, 117, 'Home/Living Situation', 'Home/Living Situation', '4683004', 'SNOMED-CT', 40, '', 1),
  (1069, 117, 'Ability to Care for Self', 'Ability to Care for Self', '284773001', 'SNOMED-CT', 20, '', 1),
  (1070, 118, 'Active', 'Active', '55561003', 'SNOMED-CT', 10, '', 1),
  (1071, 118, 'Chronic', 'Chronic', '90734009', 'SNOMED-CT', 20, '', 1),
  (1072, 118, 'Temporary', 'Temporary', '14803004', 'SNOMED-CT', 30, '', 1),
  (1073, 118, 'Resolved', 'Resolved', '370996005', 'SNOMED-CT', 40, '', 1),
  (1074, 119, 'BE', 'Bilateral ears', 'BE', 'ActSite', 0, '', 1),
  (1075, 119, 'BN', 'Bilateral nares', 'BN', 'ActSite', 0, '', 1),
  (1076, 119, 'BU', 'Buttock', 'BU', 'ActSite', 0, '', 1),
  (1077, 119, 'LA', 'Left arm', 'LA', 'ActSite', 0, '', 1),
  (1078, 119, 'LAC', 'Left anterior chest', 'LAC', 'ActSite', 0, '', 1),
  (1079, 119, 'LACF', 'Left antecubital fossa', 'LACF', 'ActSite', 0, '', 1),
  (1080, 119, 'LD', 'Left deltoid', 'LD', 'ActSite', 0, '', 1),
  (1081, 119, 'LE', 'Left ear', 'LE', 'ActSite', 0, '', 1),
  (1082, 119, 'LEJ', 'Left external jugular', 'LEJ', 'ActSite', 0, '', 1),
  (1083, 119, 'LF', 'Left foot', 'LF', 'ActSite', 0, '', 1),
  (1084, 119, 'LG', 'Left gluteus medius', 'LG', 'ActSite', 0, '', 1),
  (1085, 119, 'LH', 'Left hand', 'LH', 'ActSite', 0, '', 1),
  (1086, 119, 'LIJ', 'Left internal jugular', 'LIJ', 'ActSite', 0, '', 1),
  (1087, 119, 'LLAQ', 'Left lower abd quadrant', 'LLAQ', 'ActSite', 0, '', 1),
  (1088, 119, 'LLFA', 'Left lower forearm', 'LLFA', 'ActSite', 0, '', 1),
  (1089, 119, 'LMFA', 'Left mid forearm', 'LMFA', 'ActSite', 0, '', 1),
  (1090, 119, 'LN', 'Left naris', 'LN', 'ActSite', 0, '', 1),
  (1091, 119, 'LPC', 'Left posterior chest', 'LPC', 'ActSite', 0, '', 1),
  (1092, 119, 'LSC', 'Left subclavian', 'LSC', 'ActSite', 0, '', 1),
  (1093, 119, 'LT', 'Left thigh', 'LT', 'ActSite', 0, '', 1),
  (1094, 119, 'LUA', 'Left upper arm', 'LUA', 'ActSite', 0, '', 1),
  (1095, 119, 'LUAQ', 'Left upper abd quadrant', 'LUAQ', 'ActSite', 0, '', 1),
  (1096, 119, 'LUFA', 'Left upper forearm', 'LUFA', 'ActSite', 0, '', 1),
  (1097, 119, 'LVG', 'Left ventragluteal', 'LVG', 'ActSite', 0, '', 1),
  (1098, 119, 'LVL', 'Left vastus lateralis', 'LVL', 'ActSite', 0, '', 1),
  (1099, 119, 'OD', 'Right eye', 'OD', 'ActSite', 0, '', 1),
  (1100, 119, 'OS', 'Left eye', 'OS', 'ActSite', 0, '', 1),
  (1101, 119, 'OU', 'Bilateral eyes', 'OU', 'ActSite', 0, '', 1),
  (1102, 119, 'PA', 'Perianal', 'PA', 'ActSite', 0, '', 1),
  (1103, 119, 'PERIN', 'Rerineal', 'PERIN', 'ActSite', 0, '', 1),
  (1104, 119, 'RA', 'Right arm', 'RA', 'ActSite', 0, '', 1),
  (1105, 119, 'RAC', 'Right anterior chest', 'RAC', 'ActSite', 0, '', 1),
  (1106, 119, 'RACF', 'Right antecubital fossa', 'RACF', 'ActSite', 0, '', 1),
  (1107, 119, 'RD', 'Right deltoid', 'RD', 'ActSite', 0, '', 1),
  (1108, 119, 'RE', 'Right ear', 'RE', 'ActSite', 0, '', 1),
  (1109, 119, 'REJ', 'Right external jugular', 'REJ', 'ActSite', 0, '', 1),
  (1110, 119, 'RF', 'Right foot', 'RF', 'ActSite', 0, '', 1),
  (1111, 119, 'RG', 'Right gluteus medius', 'RG', 'ActSite', 0, '', 1),
  (1112, 119, 'RH', 'Right hand', 'RH', 'ActSite', 0, '', 1),
  (1113, 119, 'RIJ', 'Right internal jugular', 'RIJ', 'ActSite', 0, '', 1),
  (1114, 119, 'RLAQ', 'Right lower abd quadrant', 'RLAQ', 'ActSite', 0, '', 1),
  (1115, 119, 'RLFA', 'Right lower forearm', 'RLFA', 'ActSite', 0, '', 1),
  (1116, 119, 'RMFA', 'Right mid forearm', 'RMFA', 'ActSite', 0, '', 1),
  (1117, 119, 'RN', 'Right naris', 'RN', 'ActSite', 0, '', 1),
  (1118, 119, 'RPC', 'Right posterior chest', 'RPC', 'ActSite', 0, '', 1),
  (1119, 119, 'RSC', 'Right subclavian', 'RSC', 'ActSite', 0, '', 1),
  (1120, 119, 'RT', 'Right thigh', 'RT', 'ActSite', 0, '', 1),
  (1121, 119, 'RUA', 'Right upper arm', 'RUA', 'ActSite', 0, '', 1),
  (1122, 119, 'RUAQ', 'Right upper abd quadrant', 'RUAQ', 'ActSite', 0, '', 1),
  (1123, 119, 'RUFA', 'Right upper forearm', 'RUFA', 'ActSite', 0, '', 1),
  (1124, 119, 'RVG', 'Right ventragluteal', 'RVG', 'ActSite', 0, '', 1),
  (1125, 119, 'RVL', 'Right vastus lateralis', 'RVL', 'ActSite', 0, '', 1),
  (1126, 6, 'IM', 'Intramuscular', 'IM', '', 0, '', 1),
  (1127, 6, 'IN', 'Intranasal', 'IN', '', 0, '', 1),
  (1128, 6, 'IO', 'Intraocular', 'IO', '', 0, '', 1),
  (1129, 6, 'IP', 'Intraperitoneal', 'IP', '', 0, '', 1),
  (1130, 6, 'IS', 'Intrasynovial', 'IS', '', 0, '', 1),
  (1131, 6, 'IT', 'Intrathecal', 'IT', '', 0, '', 1),
  (1132, 6, 'IU', 'Intrauterine', 'IU', '', 0, '', 1),
  (1133, 6, 'IV', 'Intravenous', 'IV', '', 0, '', 1),
  (1134, 6, 'MTH', 'Mouth/Throat', 'MTH', '', 0, '', 1),
  (1135, 6, 'MM', 'Mucous Membrane', 'MM', '', 0, '', 1),
  (1136, 6, 'NS', 'Nasal', 'NS', '', 0, '', 1),
  (1137, 6, 'NP', 'Nasal Prongs', 'NP', '', 0, '', 1),
  (1138, 6, 'NG', 'Nasogastric', 'NG', '', 0, '', 1),
  (1139, 6, 'NT', 'Nasotrachial Tube', 'NT', '', 0, '', 1),
  (1140, 6, 'OP', 'Ophthalmic', 'OP', '', 0, '', 1),
  (1141, 6, 'PO', 'Oral', 'PO', '', 0, '', 1),
  (1142, 6, 'OTH', 'Other/Miscellaneous', 'OTH', '', 0, '', 1),
  (1143, 6, 'OT', 'Otic', 'OT', '', 0, '', 1),
  (1144, 6, 'PF', 'Perfusion', 'PF', '', 0, '', 1),
  (1145, 6, 'RM', 'Rebreather Mask', 'RM', '', 0, '', 1),
  (1146, 6, 'PR', 'Rectal', 'PR', '', 0, '', 1),
  (1147, 6, 'SD', 'Soaked Dressing', 'SD', '', 0, '', 1),
  (1148, 6, 'SC', 'Subcutaneous', 'SC', '', 0, '', 1),
  (1149, 6, 'SL', 'Sublingual', 'SL', '', 0, '', 1),
  (1150, 6, 'TP', 'Topical', 'TP', '', 0, '', 1),
  (1151, 6, 'TRA', 'Tracheostomy', 'TRA', '', 0, '', 1),
  (1152, 6, 'TD', 'Transdermal', 'TD', '', 0, '', 1),
  (1153, 6, 'TL', 'Translingual', 'TL', '', 0, '', 1),
  (1154, 6, 'UR', 'Urethral', 'UR', '', 0, '', 1),
  (1155, 6, 'VG', 'Vaginal', 'VG', '', 0, '', 1),
  (1156, 6, 'VM', 'Ventimask', 'VM', '', 0, '', 1),
  (1157, 6, 'WND', 'Wound', 'WND', '', 0, '', 1),
  (1158, 120, 'Alive and well', 'Alive and well', '81323004', 'SNOMEDCT', 0, '', 1),
  (1159, 120, 'Chronically ill', 'Chronically ill', '161901003', 'SNOMEDCT', 0, '', 1),
  (1160, 120, 'Deceased', 'Deceased', '419099009', 'SNOMEDCT', 0, '', 1),
  (1161, 120, 'Disabled', 'Disabled', '21134002', 'SNOMEDCT', 0, '', 1),
  (1162, 120, 'In remission', 'In remission', '313386006', 'SNOMEDCT', 0, '', 1),
  (1163, 120, 'Severely disabled', 'Severely disabled', '161045001', 'SNOMEDCT', 0, '', 1),
  (1164, 120, 'Severely ill', 'Severely ill', '271593001', 'SNOMEDCT', 0, '', 1),
  (1165, 120, 'Symptom free', 'Symptom free', '162467007', 'SNOMEDCT', 0, '', 1),
  (1166, 121, 'G', 'Genaralist', '', '', 0, '', 1),
  (1167, 121, 'E', 'Specialit', '', '', 0, '', 1),
  (1168, 121, 'S', 'Sub-Specialis', '', '', 0, '', 1),
  (1169, 122, 'Planned', 'Planned', 'red', '', 20, '', 1),
  (1170, 122, 'Completed', 'Completed', 'blue', '', 40, '', 1),
  (1171, 122, 'Prev. Completed', 'Prev. Completed', 'lightskyblue', '', 50, '', 1),
  (1172, 122, 'Defective', 'Defective', 'green', '', 30, '', 1),
  (1173, 122, 'Condition', 'Condition', 'orange', '', 10, '', 1),
  (1174, 123, 'Lidocaine 2%', 'Lidocaine 2%', '', '', 0, '', 1),
  (1175, 123, 'Articaine 4%', 'Articaine 4%', '', '', 0, '', 1),
  (1176, 123, 'Carbocaine 2%', 'Carbocaine 2%', '', '', 0, '', 1),
  (1177, 123, 'Mepivacaine 3%', 'Mepivacaine 3%', '', '', 0, '', 1),
  (1178, 124, 'Topical', 'Topical', '', '', 0, '', 1),
  (1179, 124, 'Local', 'Local', '', '', 0, '', 1),
  (1180, 124, 'Geeral', 'General', '', '', 0, '', 1),
  (1181, 125, 'Unspecified', 'Unspecified', 'C38046', 'NCIt', 0, '', 1),
  (1182, 125, 'Schedule I Substance', 'Schedule I Substance', 'C48672', 'NCIt', 0, '', 1),
  (1183, 125, 'Schedule II Substance', 'Schedule II Substance', 'C48675', 'NCIt', 0, '', 1),
  (1184, 125, 'Schedule III Substance', 'Schedule III Substance', 'C48676', 'NCIt', 0, '', 1),
  (1185, 125, 'Schedule IV Substance', 'Schedule IV Substance', 'C48677', 'NCIt', 0, '', 1),
  (1186, 125, 'Schedule V Substance', 'Schedule V Substance', 'C48679', 'NCIt', 0, '', 1),
  (1187, 91, '(E) Expanded Problem-Focused', '(E) Expanded Problem-Focused', '99213', 'CPT', 60, '', 1),
  (1188, 91, '(E) Detailed', '(E) Detailed', '99214', 'CPT', 70, '', 1),
  (1189, 91, '(E) Comprehensive', '(E) Comprehensive', '99215', 'CPT', 80, '', 1),
  (1190, 126, 'B', 'Obstetrics', 'B', 'HL7', 10, 'HL7 Table 0004', 0),
  (1191, 126, 'C', 'Commercial Account', 'C', 'HL7', 20, 'HL7 Table 0004', 0),
  (1192, 126, 'E', 'Emergency', 'E', 'HL7', 30, 'HL7 Table 0004', 0),
  (1193, 126, 'I', 'Inpatient', 'I', 'HL7', 40, 'HL7 Table 0004', 0),
  (1194, 126, 'N', 'Not Applicable', 'N', 'HL7', 50, 'HL7 Table 0004', 1),
  (1195, 126, 'O', 'Outpatient', 'O', 'HL7', 60, 'HL7 Table 0004', 1),
  (1196, 126, 'P', 'Preadmit', 'P', 'HL7', 70, 'HL7 Table 0004', 0),
  (1197, 126, 'R', 'Recurring patient', 'R', 'HL7', 80, 'HL7 Table 0004', 1),
  (1198, 126, 'U', 'Unknown', 'U', 'HL7', 90, 'HL7 Table 0004', 1),
  (1199, 127, 'Hight', 'Hight', '', '', 20, '', 0),
  (1200, 127, 'Normal', 'Normal', '', '', 30, '', 0),
  (1201, 127, 'Low', 'Low', '', '', 40, '', 0),
  (1202, 127, 'Panic', 'Panic', '', '', 10, '', 0);

INSERT INTO `cvx_codes` (`id`, `cvx_code`, `name`, `description`, `note`, `status`, `update_date`) VALUES
(1, 143, 'Adenovirus, type 4 and type 7, live, oral', 'Adenovirus types 4 and 7', 'This vaccine is administered as 2 tablets.', 'Active', '2011-03-20 00:00:00'),
(2, 54, 'adenovirus vaccine, type 4, live, oral', 'adenovirus, type 4', NULL, 'Inactive', '2010-05-28 00:00:00'),
(3, 55, 'adenovirus vaccine, type 7, live, oral', 'adenovirus, type 7', NULL, 'Inactive', '2010-05-28 00:00:00'),
(4, 82, 'adenovirus vaccine, unspecified formulation', 'adenovirus, unspecified formulation', 'This CVX code allows reporting of a vaccination when formulation is unknown (for example, when recording a adenovirus vaccination when noted on a vaccination card)', 'Inactive', '2010-09-30 00:00:00'),
(5, 24, 'anthrax vaccine', 'anthrax', NULL, 'Active', '2010-05-28 00:00:00'),
(6, 19, 'Bacillus Calmette-Guerin vaccine', 'BCG', NULL, 'Active', '2010-05-28 00:00:00'),
(7, 27, 'botulinum antitoxin', 'botulinum antitoxin', NULL, 'Active', '2010-05-28 00:00:00'),
(8, 26, 'cholera vaccine', 'cholera', NULL, 'Inactive', '2010-05-28 00:00:00'),
(9, 29, 'cytomegalovirus immune globulin, intravenous', 'CMVIG', NULL, 'Active', '2010-05-28 00:00:00'),
(10, 56, 'dengue fever vaccine', 'dengue fever', NULL, 'Never Active', '2010-05-28 00:00:00'),
(11, 12, 'diphtheria antitoxin', 'diphtheria antitoxin', NULL, 'Active', '2010-05-28 00:00:00'),
(12, 28, 'diphtheria and tetanus toxoids, adsorbed for pediatric use', 'DT (pediatric)', NULL, 'Active', '2010-05-28 00:00:00'),
(13, 20, 'diphtheria, tetanus toxoids and acellular pertussis vaccine', 'DTaP', NULL, 'Active', '2010-05-28 00:00:00'),
(14, 106, 'diphtheria, tetanus toxoids and acellular pertussis vaccine, 5 pertussis antigens', 'DTaP, 5 pertussis antigens', NULL, 'Active', '2010-05-28 00:00:00'),
(15, 107, 'diphtheria, tetanus toxoids and acellular pertussis vaccine, unspecified formulation', 'DTaP, unspecified formulation', 'This CVX code allows reporting of a vaccination when formulation is unknown (for example, when recording a DTaP vaccination when noted on a vaccination card)', 'Inactive', '2010-09-30 00:00:00'),
(16, 146, 'Diphtheria and Tetanus Toxoids and Acellular Pertussis Adsorbed, Inactivated Poliovirus, Haemophilus b Conjugate (Meningococcal Outer Membrane Protein Complex), and Hepatitis B (Recombinant) Vaccine.', 'DTaP,IPV,Hib,HepB', 'Note that this vaccine is different from CVX 132.', 'Pending', '2011-08-31 00:00:00'),
(17, 110, 'DTaP-hepatitis B and poliovirus vaccine', 'DTaP-Hep B-IPV', NULL, 'Active', '2010-05-28 00:00:00'),
(18, 50, 'DTaP-Haemophilus influenzae type b conjugate vaccine', 'DTaP-Hib', NULL, 'Active', '2010-05-28 00:00:00'),
(19, 120, 'diphtheria, tetanus toxoids and acellular pertussis vaccine, Haemophilus influenzae type b conjugate, and poliovirus vaccine, inactivated (DTaP-Hib-IPV)', 'DTaP-Hib-IPV', NULL, 'Active', '2010-05-28 00:00:00'),
(20, 130, 'Diphtheria, tetanus toxoids and acellular pertussis vaccine, and poliovirus vaccine, inactivated', 'DTaP-IPV', NULL, 'Active', '2010-05-28 00:00:00'),
(21, 132, 'Historical record of vaccine containing\n    * diphtheria, tetanus toxoids and acellular pertussis,\n    * poliovirus, inactivated,\n    * Haemophilus influenzae type b conjugate,\n    * Hepatitis B (DTaP-Hib-IPV)', 'DTaP-IPV-HIB-HEP B, historical', 'This is not the same as CVX 146, Hexavalent vaccine.', 'Inactive', '2010-05-28 00:00:00'),
(22, 1, 'diphtheria, tetanus toxoids and pertussis vaccine', 'DTP', NULL, 'Inactive', '2010-05-28 00:00:00'),
(23, 22, 'DTP-Haemophilus influenzae type b conjugate vaccine', 'DTP-Hib', NULL, 'Inactive', '2010-05-28 00:00:00'),
(24, 102, 'DTP- Haemophilus influenzae type b conjugate and hepatitis b vaccine', 'DTP-Hib-Hep B', NULL, 'Inactive', '2010-05-28 00:00:00'),
(25, 57, 'hantavirus vaccine', 'hantavirus', NULL, 'Never Active', '2010-05-28 00:00:00'),
(26, 30, 'hepatitis B immune globulin', 'HBIG', NULL, 'Active', '2010-05-28 00:00:00'),
(27, 52, 'hepatitis A vaccine, adult dosage', 'Hep A, adult', NULL, 'Active', '2010-05-28 00:00:00'),
(28, 83, 'hepatitis A vaccine, pediatric/adolescent dosage, 2 dose schedule', 'Hep A, ped/adol, 2 dose', NULL, 'Active', '2010-05-28 00:00:00'),
(29, 84, 'hepatitis A vaccine, pediatric/adolescent dosage, 3 dose schedule', 'Hep A, ped/adol, 3 dose', 'This vaccine formulation is inactive and should not be used, except to record historic vaccinations with this formulation.', 'Inactive', '2010-05-28 00:00:00'),
(30, 31, 'hepatitis A vaccine, pediatric dosage, unspecified formulation', 'Hep A, pediatric, unspecified formulation', 'Do NOT use this code.  If formulation is unknown, use CVX 85.  There is only one formulation of Hep A, peds.', 'Inactive', '2010-09-30 00:00:00'),
(31, 85, 'hepatitis A vaccine, unspecified formulation', 'Hep A, unspecified formulation', 'This CVX code allows reporting of a vaccination when formulation is unknown (for example, when recording a HepA vaccination when noted on a vaccination card)', 'Inactive', '2010-09-30 00:00:00'),
(32, 104, 'hepatitis A and hepatitis B vaccine', 'Hep A-Hep B', NULL, 'Active', '2010-05-28 00:00:00'),
(33, 8, 'hepatitis B vaccine, pediatric or pediatric/adolescent dosage', 'Hep B, adolescent or pediatric', 'This code applies to any standard pediatric formulation of Hepatitis B vaccine. It should not be used for the 2-dose hepatitis B schedule for adolescents (11-15 year olds). It requires Merck''s Recombivax HB adult formulation. Use code 43 for that vaccine.', 'Active', '2010-05-28 00:00:00'),
(34, 42, 'hepatitis B vaccine, adolescent/high risk infant dosage', 'Hep B, adolescent/high risk infant', 'As of August 27, 1998, Merck ceased distribution of their adolescent/high risk infant hepatitis B vaccine dosage. Code 42 should only be used to record historical records. For current administration of hepatitis B vaccine, pediatric/adolescent dosage, use code 08.', 'Inactive', '2010-05-28 00:00:00'),
(35, 43, 'hepatitis B vaccine, adult dosage', 'Hep B, adult', 'As of September 1999, a 2-dose hepatitis B schedule for adolescents (11-15 year olds) was FDA approved for Merck''s Recombivax HB adult formulation. Use code 43 for the 2-dose. This code should be used for any use of standard adult formulation of hepatitis B vaccine.', 'Active', '2010-05-28 00:00:00'),
(36, 44, 'hepatitis B vaccine, dialysis patient dosage', 'Hep B, dialysis', NULL, 'Active', '2010-05-28 00:00:00'),
(37, 45, 'hepatitis B vaccine, unspecified formulation', 'Hep B, unspecified formulation', 'This CVX code allows reporting of a vaccination when formulation is unknown (for example, when recording a HepB vaccination when noted on a vaccination card)', 'Inactive', '2010-09-30 00:00:00'),
(38, 58, 'hepatitis C vaccine', 'Hep C', NULL, 'Never Active', '2010-05-28 00:00:00'),
(39, 59, 'hepatitis E vaccine', 'Hep E', NULL, 'Never Active', '2010-05-28 00:00:00'),
(40, 60, 'herpes simplex virus, type 2 vaccine', 'herpes simplex 2', NULL, 'Never Active', '2010-05-28 00:00:00'),
(41, 47, 'Haemophilus influenzae type b vaccine, HbOC conjugate', 'Hib (HbOC)', NULL, 'Inactive', '2010-05-28 00:00:00'),
(42, 46, 'Haemophilus influenzae type b vaccine, PRP-D conjugate', 'Hib (PRP-D)', NULL, 'Inactive', '2010-05-28 00:00:00'),
(43, 49, 'Haemophilus influenzae type b vaccine, PRP-OMP conjugate', 'Hib (PRP-OMP)', NULL, 'Active', '2010-05-28 00:00:00'),
(44, 48, 'Haemophilus influenzae type b vaccine, PRP-T conjugate', 'Hib (PRP-T)', NULL, 'Active', '2010-05-28 00:00:00'),
(45, 17, 'Haemophilus influenzae type b vaccine, conjugate unspecified formulation', 'Hib, unspecified formulation', NULL, 'Inactive', '2010-09-30 00:00:00'),
(46, 51, 'Haemophilus influenzae type b conjugate and Hepatitis B vaccine', 'Hib-Hep B', NULL, 'Active', '2010-05-28 00:00:00'),
(47, 61, 'human immunodeficiency virus vaccine', 'HIV', NULL, 'Never Active', '2010-05-28 00:00:00'),
(48, 118, 'human papilloma virus vaccine, bivalent', 'HPV, bivalent', NULL, 'Active', '2010-05-28 00:00:00'),
(49, 62, 'human papilloma virus vaccine, quadrivalent', 'HPV, quadrivalent', NULL, 'Active', '2010-05-28 00:00:00'),
(50, 137, 'HPV, unspecified formulation', 'HPV, unspecified formulation', 'This CVX code allows reporting of a vaccination when formulation is unknown (for example, when recording a HPV vaccination when noted on a vaccination card)', 'Inactive', '2010-09-30 00:00:00'),
(51, 86, 'immune globulin, intramuscular', 'IG', NULL, 'Active', '2010-05-28 00:00:00'),
(52, 14, 'immune globulin, unspecified formulation', 'IG, unspecified formulation', NULL, 'Inactive', '2010-09-30 00:00:00'),
(53, 87, 'immune globulin, intravenous', 'IGIV', NULL, 'Active', '2010-05-28 00:00:00'),
(55, 135, 'influenza, high dose seasonal, preservative-free', 'Influenza, high dose seasonal', NULL, 'Active', '2010-05-28 00:00:00'),
(56, 111, 'influenza virus vaccine, live, attenuated, for intranasal use', 'influenza, live, intranasal', 'Seasonal Influenza', 'Active', '2010-05-28 00:00:00'),
(57, 149, 'influenza, live, intranasal, quadrivalent', 'influenza, live, intranasal, quadrivalent', 'new in 2012', 'Active', '2012-08-07 00:00:00'),
(58, 141, 'Influenza, seasonal, injectable', 'Influenza, seasonal, injectable', 'This is one of two codes replacing CVX 15, which is being retired.', 'Active', '2010-09-30 00:00:00'),
(59, 140, 'Influenza, seasonal, injectable, preservative free', 'Influenza, seasonal, injectable, preservative free', 'This vaccine code is one of two which replace CVX 15, influenza, split virus.', 'Active', '2010-09-30 00:00:00'),
(60, 144, 'seasonal influenza, intradermal, preservative free', 'influenza, seasonal, intradermal, preservative free', NULL, 'Active', '2011-06-16 00:00:00'),
(61, 15, 'influenza virus vaccine, split virus (incl. purified surface antigen)-retired CODE', 'influenza, split (incl. purified surface antigen)', 'This code is being retired. It will still be found in older immunization records. It included both preservative free and non-preservative free.', 'Inactive', '2010-09-30 00:00:00'),
(62, 88, 'influenza virus vaccine, unspecified formulation', 'influenza, unspecified formulation', 'This CVX code allows reporting of a vaccination when formulation is unknown (for example, when recording a Influenza vaccination when noted on a vaccination card)', 'Inactive', '2010-09-30 00:00:00'),
(63, 16, 'influenza virus vaccine, whole virus', 'influenza, whole', NULL, 'Inactive', '2010-05-28 00:00:00'),
(64, 10, 'poliovirus vaccine, inactivated', 'IPV', NULL, 'Active', '2010-05-28 00:00:00'),
(65, 134, 'Japanese Encephalitis vaccine for intramuscular administration', 'Japanese Encephalitis IM', NULL, 'Active', '2010-05-28 00:00:00'),
(66, 39, 'Japanese Encephalitis Vaccine SC', 'Japanese encephalitis SC', NULL, 'Active', '2010-05-28 00:00:00'),
(67, 129, 'Japanese Encephalitis vaccine, unspecified formulation', 'Japanese Encephalitis, unspecified formulation', 'This CVX code allows reporting of a vaccination when formulation is unknown (for example, when recording a JE vaccination when noted on a vaccination card)', 'Inactive', '2010-09-30 00:00:00'),
(68, 63, 'Junin virus vaccine', 'Junin virus', NULL, 'Never Active', '2010-05-28 00:00:00'),
(69, 64, 'leishmaniasis vaccine', 'leishmaniasis', NULL, 'Never Active', '2010-05-28 00:00:00'),
(70, 65, 'leprosy vaccine', 'leprosy', NULL, 'Never Active', '2010-05-28 00:00:00'),
(71, 66, 'Lyme disease vaccine', 'Lyme disease', NULL, 'Inactive', '2010-05-28 00:00:00'),
(72, 4, 'measles and rubella virus vaccine', 'M/R', NULL, 'Inactive', '2010-05-28 00:00:00'),
(73, 67, 'malaria vaccine', 'malaria', NULL, 'Never Active', '2010-05-28 00:00:00'),
(74, 5, 'measles virus vaccine', 'measles', NULL, 'Inactive', '2010-08-31 00:00:00'),
(75, 68, 'melanoma vaccine', 'melanoma', NULL, 'Never Active', '2010-05-28 00:00:00'),
(76, 103, 'meningococcal C conjugate vaccine', 'meningococcal C conjugate', NULL, 'Inactive', '2010-05-28 00:00:00'),
(77, 148, 'Meningococcal Groups C and Y and Haemophilus b Tetanus Toxoid Conjugate Vaccine', 'Meningococcal C/Y-HIB PRP', NULL, 'Active', '2012-07-11 00:00:00'),
(78, 147, 'Meningococcal, MCV4, unspecified formulation(groups A, C, Y and W-135)', 'meningococcal MCV4, unspecified formulation', 'This CVX should only be used for historical doses of meningococcal conjugate vaccine where the formulation is unknown (oligosaccharide vs polysaccharide). It is not the same as CVX 108, Meningococcal, unspecified formulation.', 'Inactive', '2012-02-08 00:00:00'),
(79, 136, 'meningococcal oligosaccharide (groups A, C, Y and W-135) diphtheria toxoid conjugate vaccine (MCV4O)', 'Meningococcal MCV4O', NULL, 'Active', '2010-05-28 00:00:00'),
(80, 114, 'meningococcal polysaccharide (groups A, C, Y and W-135) diphtheria toxoid conjugate vaccine (MCV4P)', 'meningococcal MCV4P', NULL, 'Active', '2010-05-28 00:00:00'),
(81, 32, 'meningococcal polysaccharide vaccine (MPSV4)', 'meningococcal MPSV4', NULL, 'Active', '2010-05-28 00:00:00'),
(82, 108, 'meningococcal vaccine, unspecified formulation', 'meningococcal, unspecified formulation', 'This CVX code allows reporting of a vaccination when formulation is unknown (for example, when recording a meningococcal vaccination when noted on a vaccination card)', 'Inactive', '2010-09-30 00:00:00'),
(83, 3, 'measles, mumps and rubella virus vaccine', 'MMR', NULL, 'Active', '2010-05-28 00:00:00'),
(84, 94, 'measles, mumps, rubella, and varicella virus vaccine', 'MMRV', NULL, 'Active', '2010-05-28 00:00:00'),
(85, 7, 'mumps virus vaccine', 'mumps', NULL, 'Active', '2010-05-28 00:00:00'),
(86, 127, 'Novel influenza-H1N1-09, injectable', 'Novel influenza-H1N1-09', NULL, 'Inactive', '2010-08-28 00:00:00'),
(87, 128, 'Novel influenza-H1N1-09, all formulations', 'Novel Influenza-H1N1-09, all formulations', 'This code is used whenever the actual formulation is not determined or when aggregating all Novel H1N1 Influenza-09 immunizations for reporting to CRA. It should not be used for seasonal influenza vaccine that is not otherwise specified. (NOS)', 'Inactive', '2010-08-28 00:00:00'),
(88, 125, 'Novel Influenza-H1N1-09, live virus for nasal administration', 'Novel Influenza-H1N1-09, nasal', NULL, 'Inactive', '2010-08-28 00:00:00'),
(89, 126, 'Novel influenza-H1N1-09, preservative-free, injectable', 'Novel influenza-H1N1-09, preservative-free', NULL, 'Inactive', '2010-08-28 00:00:00'),
(90, 2, 'poliovirus vaccine, live, oral', 'OPV', NULL, 'Inactive', '2010-05-28 00:00:00'),
(91, 69, 'parainfluenza-3 virus vaccine', 'parainfluenza-3', NULL, 'Inactive', '2010-05-28 00:00:00'),
(92, 11, 'pertussis vaccine', 'pertussis', NULL, 'Inactive', '2010-05-28 00:00:00'),
(93, 23, 'plague vaccine', 'plague', NULL, 'Active', '2010-05-28 00:00:00'),
(94, 133, 'pneumococcal conjugate vaccine, 13 valent', 'Pneumococcal conjugate PCV 13', NULL, 'Active', '2010-05-28 00:00:00'),
(95, 100, 'pneumococcal conjugate vaccine, 7 valent', 'pneumococcal conjugate PCV 7', NULL, 'Active', '2010-05-28 00:00:00'),
(96, 33, 'pneumococcal polysaccharide vaccine, 23 valent', 'pneumococcal polysaccharide PPV23', NULL, 'Active', '2010-05-28 00:00:00'),
(97, 109, 'pneumococcal vaccine, unspecified formulation', 'pneumococcal, unspecified formulation', 'This CVX code allows reporting of a vaccination when formulation is unknown (for example, when recording a pneumococcal vaccination when noted on a vaccination card)', 'Inactive', '2010-09-30 00:00:00'),
(98, 89, 'poliovirus vaccine, unspecified formulation', 'polio, unspecified formulation', 'This CVX code allows reporting of a vaccination when formulation is unknown (for example, when recording a polio vaccination when noted on a vaccination card)', 'Inactive', '2010-09-30 00:00:00'),
(99, 70, 'Q fever vaccine', 'Q fever', NULL, 'Never Active', '2010-05-28 00:00:00'),
(100, 40, 'rabies vaccine, for intradermal injection', 'rabies, intradermal injection', NULL, 'Active', '2010-05-28 00:00:00'),
(101, 18, 'rabies vaccine, for intramuscular injection', 'rabies, intramuscular injection', NULL, 'Active', '2010-05-28 00:00:00'),
(102, 90, 'rabies vaccine, unspecified formulation', 'rabies, unspecified formulation', 'This CVX code allows reporting of a vaccination when formulation is unknown (for example, when recording a rabies vaccination when noted on a vaccination card)', 'Inactive', '2010-09-30 00:00:00'),
(103, 72, 'rheumatic fever vaccine', 'rheumatic fever', NULL, 'Never Active', '2010-05-28 00:00:00'),
(104, 73, 'Rift Valley fever vaccine', 'Rift Valley fever', NULL, 'Never Active', '2010-05-28 00:00:00'),
(105, 34, 'rabies immune globulin', 'RIG', NULL, 'Active', '2010-05-28 00:00:00'),
(106, 119, 'rotavirus, live, monovalent vaccine', 'rotavirus, monovalent', NULL, 'Active', '2010-05-28 00:00:00'),
(107, 116, 'rotavirus, live, pentavalent vaccine', 'rotavirus, pentavalent', NULL, 'Active', '2010-05-28 00:00:00'),
(108, 74, 'rotavirus, live, tetravalent vaccine', 'rotavirus, tetravalent', NULL, 'Inactive', '2010-05-28 00:00:00'),
(110, 71, 'respiratory syncytial virus immune globulin, intravenous', 'RSV-IGIV', NULL, 'Active', '2010-05-28 00:00:00'),
(111, 93, 'respiratory syncytial virus monoclonal antibody (palivizumab), intramuscular', 'RSV-MAb', NULL, 'Active', '2010-05-28 00:00:00'),
(112, 145, 'respiratory syncytial virus monoclonal antibody (motavizumab), intramuscular', 'RSV-MAb (new)', NULL, 'Pending', '2011-08-31 00:00:00'),
(113, 6, 'rubella virus vaccine', 'rubella', NULL, 'Active', '2010-05-28 00:00:00'),
(114, 38, 'rubella and mumps virus vaccine', 'rubella/mumps', NULL, 'Inactive', '2010-05-28 00:00:00'),
(115, 76, 'Staphylococcus bacteriophage lysate', 'Staphylococcus bacterio lysate', NULL, 'Inactive', '2010-05-28 00:00:00'),
(116, 138, 'tetanus and diphtheria toxoids, not adsorbed, for adult use', 'Td (adult)', 'Note that this Td is not adsorbed.', 'Active', '2010-09-30 00:00:00'),
(117, 113, 'tetanus and diphtheria toxoids, adsorbed, preservative free, for adult use', 'Td (adult) preservative free', NULL, 'Active', '2010-09-30 00:00:00'),
(118, 9, 'tetanus and diphtheria toxoids, adsorbed, for adult use', 'Td (adult), adsorbed', 'Note that this vaccine name has changed.  See also Td (adult). It is not adsorbed.', 'Active', '2010-08-20 00:00:00'),
(119, 139, 'Td(adult) unspecified formulation', 'Td(adult) unspecified formulation', 'This CVX code allows reporting of a vaccination when formulation is unknown (for example, when recording a Td vaccination when noted on a vaccination card)', 'Inactive', '2010-09-30 00:00:00'),
(120, 115, 'tetanus toxoid, reduced diphtheria toxoid, and acellular pertussis vaccine, adsorbed', 'Tdap', NULL, 'Active', '2010-05-28 00:00:00'),
(121, 35, 'tetanus toxoid, adsorbed', 'tetanus toxoid, adsorbed', NULL, 'Active', '2011-02-14 00:00:00'),
(122, 142, 'tetanus toxoid, not adsorbed', 'tetanus toxoid, not adsorbed', NULL, 'Active', '2011-02-14 00:00:00'),
(123, 112, 'tetanus toxoid, unspecified formulation', 'tetanus toxoid, unspecified formulation', NULL, 'Inactive', '2010-09-30 00:00:00'),
(124, 77, 'tick-borne encephalitis vaccine', 'tick-borne encephalitis', NULL, 'Inactive', '2010-05-28 00:00:00'),
(125, 13, 'tetanus immune globulin', 'TIG', NULL, 'Active', '2010-05-28 00:00:00'),
(126, 98, 'tuberculin skin test; unspecified formulation', 'TST, unspecified formulation', 'TB Skin test is not vaccine.', 'Inactive', '2010-09-30 00:00:00'),
(127, 95, 'tuberculin skin test; old tuberculin, multipuncture device', 'TST-OT tine test', 'TB Skin test is not vaccine.', 'Inactive', '2010-05-28 00:00:00'),
(128, 96, 'tuberculin skin test; purified protein derivative solution, intradermal', 'TST-PPD intradermal', 'TB Skin test is not vaccine.', 'Inactive', '2010-05-28 00:00:00'),
(129, 97, 'tuberculin skin test; purified protein derivative, multipuncture device', 'TST-PPD tine test', 'TB Skin test is not vaccine.', 'Inactive', '2010-05-28 00:00:00'),
(130, 78, 'tularemia vaccine', 'tularemia vaccine', NULL, 'Inactive', '2010-05-28 00:00:00'),
(131, 25, 'typhoid vaccine, live, oral', 'typhoid, oral', NULL, 'Active', '2010-05-28 00:00:00'),
(132, 41, 'typhoid vaccine, parenteral, other than acetone-killed, dried', 'typhoid, parenteral', NULL, 'Active', '2010-05-28 00:00:00'),
(133, 53, 'typhoid vaccine, parenteral, acetone-killed, dried (U.S. military)', 'typhoid, parenteral, AKD (U.S. military)', NULL, 'Active', '2010-05-28 00:00:00'),
(134, 91, 'typhoid vaccine, unspecified formulation', 'typhoid, unspecified formulation', 'This CVX code allows reporting of a vaccination when formulation is unknown (for example, when recording a typhoid vaccination when noted on a vaccination card)', 'Inactive', '2010-09-30 00:00:00'),
(135, 101, 'typhoid Vi capsular polysaccharide vaccine', 'typhoid, ViCPs', NULL, 'Active', '2010-05-28 00:00:00'),
(136, 131, 'Historical record of a typhus vaccination', 'typhus, historical', NULL, 'Inactive', '2010-05-28 00:00:00'),
(137, 75, 'vaccinia (smallpox) vaccine', 'vaccinia (smallpox)', NULL, 'Active', '2010-05-28 00:00:00'),
(138, 105, 'vaccinia (smallpox) vaccine, diluted', 'vaccinia (smallpox) diluted', NULL, 'Inactive', '2010-05-28 00:00:00'),
(139, 79, 'vaccinia immune globulin', 'vaccinia immune globulin', NULL, 'Active', '2010-05-28 00:00:00'),
(140, 21, 'varicella virus vaccine', 'varicella', NULL, 'Active', '2010-05-28 00:00:00'),
(141, 81, 'Venezuelan equine encephalitis, inactivated', 'VEE, inactivated', NULL, 'Inactive', '2010-05-28 00:00:00'),
(142, 80, 'Venezuelan equine encephalitis, live, attenuated', 'VEE, live', NULL, 'Inactive', '2010-05-28 00:00:00'),
(143, 92, 'Venezuelan equine encephalitis vaccine, unspecified formulation', 'VEE, unspecified formulation', 'This CVX code allows reporting of a vaccination when formulation is unknown (for example, when recording a VEE vaccination when noted on a vaccination card)', 'Inactive', '2010-09-30 00:00:00'),
(144, 36, 'varicella zoster immune globulin', 'VZIG', NULL, 'Active', '2010-05-28 00:00:00'),
(145, 117, 'varicella zoster immune globulin (Investigational New Drug)', 'VZIG (IND)', NULL, 'Inactive', '2010-05-28 00:00:00'),
(146, 37, 'yellow fever vaccine', 'yellow fever', NULL, 'Active', '2010-05-28 00:00:00'),
(148, 998, 'no vaccine administered', 'no vaccine administered', 'Code 998 was added for use in VXU HL7 messages where the OBX segment is nested with the RXA segment, but the message does not contain information about a vaccine administration. An example of this use is to report the vaccines due next for a patient when no vaccine administration is being reported.', 'Inactive', '2010-05-28 00:00:00'),
(149, 99, 'RESERVED - do not use', 'RESERVED - do not use', 'Code 99 will not be used in this table to avoid confusion with code 999.', 'Inactive', '2010-05-28 00:00:00'),
(150, 999, 'unknown vaccine or immune globulin', 'unknown', 'This CVX code has little utility and should rarely be used.', 'Inactive', '2010-05-28 00:00:00'),
(151, 123, 'influenza virus vaccine, H5N1, A/Vietnam/1203/2004 (national stockpile)', 'influenza, H5N1-1203', NULL, 'Inactive', '2010-05-28 00:00:00'),
(152, 122, 'rotavirus vaccine, unspecified formulation', 'rotavirus, unspecified formulation', NULL, 'Inactive', '2010-09-30 00:00:00'),
(153, 121, 'zoster vaccine, live', 'zoster', NULL, 'Active', '2010-05-28 00:00:00');

INSERT INTO `cvx_cpt` (`id`, `cvx`, `cpt`, `active`) VALUES
(1, '86', '90281', '1'),
(2, '87', '90283', '1'),
(3, '27', '90287', '1'),
(4, '29', '90291', '1'),
(5, '12', '90296', '1'),
(6, '30', '90371', '1'),
(7, '34', '90375', '1'),
(8, '34', '90376', '1'),
(9, '93', '90378', '1'),
(10, '71', '90379', '1'),
(11, '13', '90389', '1'),
(12, '79', '90393', '1'),
(13, '36', '90396', '1'),
(14, '128', '90470', '0'),
(15, '54', '90476', '1'),
(16, '55', '90477', '1'),
(17, '24', '90581', '1'),
(18, '19', '90585', '1'),
(19, '52', '90632', '1'),
(20, '83', '90633', '1'),
(21, '84', '90634', '1'),
(22, '104', '90636', '1'),
(23, '148', '90644', '1'),
(24, '47', '90645', '1'),
(25, '46', '90646', '1'),
(26, '49', '90647', '1'),
(27, '48', '90648', '1'),
(28, '62', '90649', '1'),
(29, '118', '90650', '1'),
(30, '144', '90654', '1'),
(31, '140', '90655', '1'),
(32, '140', '90656', '1'),
(33, '141', '90657', '1'),
(34, '141', '90658', '1'),
(35, '16', '90659', '0'),
(36, '111', '90660', '1'),
(37, '135', '90662', '1'),
(38, '128', '90663', '0'),
(39, '125', '90664', '0'),
(40, '66', '90665', '1'),
(41, '126', '90666', '0'),
(42, '127', '90668', '0'),
(43, '100', '90669', '1'),
(44, '133', '90670', '1'),
(45, '149', '90672', '1'),
(46, '18', '90675', '1'),
(47, '40', '90676', '1'),
(48, '116', '90680', '1'),
(49, '119', '90681', '1'),
(50, '150', '90685', '1'),
(51, '150', '90686', '1'),
(52, '25', '90690', '1'),
(53, '101', '90691', '1'),
(54, '41', '90692', '1'),
(55, '53', '90693', '1'),
(56, '130', '90696', '1'),
(57, '120', '90698', '1'),
(58, '20', '90700', '1'),
(59, '106', '90700', '1'),
(60, '1', '90701', '1'),
(61, '28', '90702', '1'),
(62, '35', '90703', '1'),
(63, '7', '90704', '1'),
(64, '5', '90705', '1'),
(65, '6', '90706', '1'),
(66, '3', '90707', '1'),
(67, '4', '90708', '1'),
(68, '94', '90710', '1'),
(69, '2', '90712', '1'),
(70, '10', '90713', '1'),
(71, '113', '90714', '1'),
(72, '91', '90714', '0'),
(73, '115', '90715', '1'),
(74, '21', '90716', '1'),
(75, '37', '90717', '1'),
(76, '9', '90718', '1'),
(77, '22', '90720', '1'),
(78, '50', '90721', '1'),
(79, '110', '90723', '1'),
(80, '88', '90724', '0'),
(81, '26', '90725', '1'),
(82, '90', '90726', '0'),
(83, '23', '90727', '1'),
(84, '19', '90728', '0'),
(85, '85', '90730', '0'),
(86, '45', '90731', '0'),
(87, '33', '90732', '1'),
(88, '32', '90733', '1'),
(89, '136', '90734', '1'),
(90, '114', '90734', '1'),
(91, '39', '90735', '1'),
(92, '121', '90736', '1'),
(93, '17', '90737', '0'),
(94, '134', '90738', '1'),
(95, '44', '90740', '1'),
(96, '14', '90741', '0'),
(97, '43', '90743', '1'),
(98, '8', '90744', '1'),
(99, '42', '90745', '0'),
(100, '43', '90746', '1'),
(101, '44', '90747', '1'),
(102, '51', '90748', '1');

INSERT INTO `cvx_mvx` (`id`, `cdc_product_name`, `description`, `cvx_code`, `manufacturer`, `mvx_code`, `mvx_status`, `product_name_status`, `update_date`) VALUES
(1, 'Adenovirus types 4 and 7', 'Adenovirus types 4 and 7', '143', 'Barr Laboratories', 'BRR', 'Active', 'Active', '2012-08-07 00:00:00'),
(2, 'BIOTHRAX', 'anthrax', '24', 'Emergent BioDefense Operations Lansing', 'MIP', 'Active', 'Active', '2010-05-28 00:00:00'),
(3, 'MYCOBAX', 'BCG', '19', 'sanofi pasteur', 'PMC', 'Active', 'Active', '2010-05-28 00:00:00'),
(4, 'TICE BCG', 'BCG', '19', 'Organon Teknika Corporation', 'OTC', 'Active', 'Active', '2010-05-28 00:00:00'),
(5, 'DT(GENERIC)', 'DT (pediatric)', '28', 'sanofi pasteur', 'PMC', 'Active', 'Active', '2010-05-28 00:00:00'),
(6, 'ACEL-IMUNE', 'DTaP', '20', 'Wyeth', 'WAL', 'Active', 'Inactive', '2010-09-01 00:00:00'),
(7, 'CERTIVA', 'DTaP', '20', 'North American Vaccine, Inc.', 'NAV', 'Inactive', 'Inactive', '2010-09-01 00:00:00'),
(8, 'INFANRIX', 'DTaP', '20', 'GlaxoSmithKline', 'SKB', 'Active', 'Active', '2010-05-28 00:00:00'),
(9, 'TRIPEDIA', 'DTaP', '20', 'sanofi pasteur', 'PMC', 'Active', 'Active', '2010-05-28 00:00:00'),
(10, 'DAPTACEL', 'DTaP, 5 pertussis antigens', '106', 'sanofi pasteur', 'PMC', 'Active', 'Active', '2010-05-28 00:00:00'),
(11, 'PEDIARIX', 'DTaP-Hep B-IPV', '110', 'GlaxoSmithKline', 'SKB', 'Active', 'Active', '2010-05-28 00:00:00'),
(12, 'TRIHIBIT', 'DTaP-Hib', '50', 'sanofi pasteur', 'PMC', 'Active', 'Active', '2010-05-28 00:00:00'),
(13, 'PENTACEL', 'DTaP-Hib-IPV', '120', 'sanofi pasteur', 'PMC', 'Active', 'Active', '2010-05-28 00:00:00'),
(14, 'KINRIX', 'DTaP-IPV', '130', 'GlaxoSmithKline', 'SKB', 'Active', 'Active', '2010-05-28 00:00:00'),
(15, 'TETRAMUNE', 'DTP-Hib', '22', 'Wyeth', 'WAL', 'Active', 'Inactive', '2010-09-01 00:00:00'),
(16, 'HAVRIX-ADULT', 'Hep A, adult', '52', 'GlaxoSmithKline', 'SKB', 'Active', 'Active', '2010-05-28 00:00:00'),
(17, 'VAQTA-ADULT', 'Hep A, adult', '52', 'Merck & Co., Inc.', 'MSD', 'Active', 'Active', '2010-05-28 00:00:00'),
(18, 'HAVRIX-PEDS', 'Hep A, ped/adol, 2 dose', '83', 'GlaxoSmithKline', 'SKB', 'Active', 'Active', '2010-05-28 00:00:00'),
(19, 'VAQTA-PEDS', 'Hep A, ped/adol, 2 dose', '83', 'Merck & Co., Inc.', 'MSD', 'Active', 'Active', '2010-05-28 00:00:00'),
(20, 'TWINRIX', 'Hep A-Hep B', '104', 'GlaxoSmithKline', 'SKB', 'Active', 'Active', '2010-05-28 00:00:00'),
(21, 'ENGERIX B-PEDS', 'Hep B, adolescent or pediatric', '08', 'GlaxoSmithKline', 'SKB', 'Active', 'Active', '2010-05-28 00:00:00'),
(22, 'RECOMBIVAX-PEDS', 'Hep B, adolescent or pediatric', '08', 'Merck & Co., Inc.', 'MSD', 'Active', 'Active', '2010-05-28 00:00:00'),
(23, 'ENGERIX-B-ADULT', 'Hep B, adult', '43', 'GlaxoSmithKline', 'SKB', 'Active', 'Active', '2010-05-28 00:00:00'),
(24, 'RECOMBIVAX-ADULT', 'Hep B, adult', '43', 'Merck & Co., Inc.', 'MSD', 'Active', 'Active', '2010-05-28 00:00:00'),
(25, 'RECOMBIVAX-DIALYSIS', 'Hep B, dialysis', '44', 'Merck & Co., Inc.', 'MSD', 'Active', 'Active', '2010-09-20 00:00:00'),
(26, 'HIBTITER', 'Hib (HbOC)', '47', 'Wyeth', 'WAL', 'Active', 'Inactive', '2010-08-18 00:00:00'),
(27, 'PROHIBIT', 'Hib (PRP-D)', '46', 'sanofi pasteur', 'PMC', 'Active', 'Inactive', '2010-09-01 00:00:00'),
(28, 'PEDVAXHIB', 'Hib (PRP-OMP)', '49', 'Merck & Co., Inc.', 'MSD', 'Active', 'Active', '2010-05-28 00:00:00'),
(29, 'ACTHIB', 'Hib (PRP-T)', '48', 'sanofi pasteur', 'PMC', 'Active', 'Active', '2010-05-28 00:00:00'),
(30, 'HIBERIX', 'Hib (PRP-T)', '48', 'GlaxoSmithKline', 'SKB', 'Active', 'Active', '2010-05-28 00:00:00'),
(31, 'OMNIHIB', 'Hib (PRP-T)', '48', 'GlaxoSmithKline', 'SKB', 'Active', 'Inactive', '2010-09-01 00:00:00'),
(32, 'COMVAX', 'Hib-Hep B', '51', 'Merck & Co., Inc.', 'MSD', 'Active', 'Active', '2010-05-28 00:00:00'),
(33, 'CERVARIX', 'HPV, bivalent', '118', 'GlaxoSmithKline', 'SKB', 'Active', 'Active', '2010-05-28 00:00:00'),
(34, 'GARDASIL', 'HPV, quadrivalent', '62', 'Merck & Co., Inc.', 'MSD', 'Active', 'Active', '2010-05-28 00:00:00'),
(35, 'FLUZONE-HIGH DOSE', 'Influenza, high dose seasonal', '135', 'sanofi pasteur', 'PMC', 'Active', 'Active', '2010-05-28 00:00:00'),
(36, 'FLUMIST', 'influenza, live, intranasal', '111', 'MedImmune, Inc.', 'MED', 'Active', 'Active', '2010-05-28 00:00:00'),
(37, 'Flumist quadrivalent', 'influenza, live, intranasal, quadrivalent', '149', 'MedImmune, Inc.', 'MED', 'Active', 'Active', '2012-08-07 00:00:00'),
(38, 'AFLURIA', 'Influenza, seasonal, injectable', '141', 'CSL Behring, Inc', 'CSL', 'Active', 'Active', '2011-04-25 00:00:00'),
(39, 'FLULAVAL', 'Influenza, seasonal, injectable', '141', 'GlaxoSmithKline', 'SKB', 'Active', 'Active', '2010-09-27 00:00:00'),
(40, 'FLUVIRIN', 'Influenza, seasonal, injectable', '141', 'Novartis Pharmaceutical Corporation', 'NOV', 'Active', 'Active', '2010-09-27 00:00:00'),
(41, 'FLUZONE', 'Influenza, seasonal, injectable', '141', 'sanofi pasteur', 'PMC', 'Active', 'Active', '2010-09-27 00:00:00'),
(42, 'Afluria, preservative free', 'Influenza, seasonal, injectable, preservative free', '140', 'CSL Behring, Inc', 'CSL', 'Active', NULL, '2011-05-02 00:00:00'),
(43, 'AGRIFLU', 'Influenza, seasonal, injectable, preservative free', '140', 'Novartis Pharmaceutical Corporation', 'NOV', 'Active', 'Active', '2010-09-27 00:00:00'),
(44, 'FLUARIX', 'Influenza, seasonal, injectable, preservative free', '140', 'GlaxoSmithKline', 'SKB', 'Active', 'Active', '2010-09-27 00:00:00'),
(45, 'FLUVIRIN-PRESERVATIVE FREE', 'Influenza, seasonal, injectable, preservative free', '140', 'Novartis Pharmaceutical Corporation', 'NOV', 'Active', 'Active', '2010-09-27 00:00:00'),
(46, 'FLUZONE-PRESERVATIVE FREE', 'Influenza, seasonal, injectable, preservative free', '140', 'sanofi pasteur', 'PMC', 'Active', 'Active', '2010-09-27 00:00:00'),
(47, 'Fluzone, intradermal', 'influenza, seasonal, intradermal, preservative free', '144', 'sanofi pasteur', 'PMC', 'Active', 'Active', '2011-06-30 00:00:00'),
(48, 'IPOL', 'IPV', '10', 'sanofi pasteur', 'PMC', 'Active', 'Active', '2010-05-28 00:00:00'),
(49, 'IXIARO', 'Japanese Encephalitis IM', '134', 'Intercell Biomedical', 'INT', 'Active', 'Active', '2010-05-28 00:00:00'),
(50, 'JE-VAX', 'Japanese encephalitis SC', '39', 'The Research Foundation for Microbial Diseases of Osaka University (BIKEN)', 'JPN', 'Active', 'Active', '2010-05-28 00:00:00'),
(51, 'ATTENUVAX', 'measles', '05', 'Merck & Co., Inc.', 'MSD', 'Active', 'Active', '2012-08-07 00:00:00'),
(52, 'MENHIBRIX', 'Meningococcal C/Y-HIB PRP', '148', 'GlaxoSmithKline', 'SKB', 'Active', 'Active', '2012-07-11 00:00:00'),
(53, 'MENVEO', 'Meningococcal MCV4O', '136', 'Novartis Pharmaceutical Corporation', 'NOV', 'Active', 'Active', '2010-08-16 00:00:00'),
(54, 'MENACTRA', 'meningococcal MCV4P', '114', 'sanofi pasteur', 'PMC', 'Active', 'Active', '2010-05-28 00:00:00'),
(55, 'MENOMUNE', 'meningococcal MPSV4', '32', 'sanofi pasteur', 'PMC', 'Active', 'Active', '2010-05-28 00:00:00'),
(56, 'M-M-R II', 'MMR', '03', 'Merck & Co., Inc.', 'MSD', 'Active', 'Active', '2010-05-28 00:00:00'),
(57, 'PROQUAD', 'MMRV', '94', 'Merck & Co., Inc.', 'MSD', 'Active', 'Active', '2010-05-28 00:00:00'),
(58, 'MUMPSVAX', 'mumps', '07', 'Merck & Co., Inc.', 'MSD', 'Active', 'Inactive', '2010-09-01 00:00:00'),
(59, 'ORIMUNE', 'OPV', '02', 'Wyeth', 'WAL', 'Active', 'Inactive', '2010-09-01 00:00:00'),
(60, 'PREVNAR 13', 'Pneumococcal conjugate PCV 13', '133', 'Wyeth', 'WAL', 'Active', 'Inactive', '2010-05-28 00:00:00'),
(61, 'PREVNAR 13', 'Pneumococcal conjugate PCV 13', '133', 'Pfizer, Inc', 'PFR', 'Active', 'Active', '2010-05-28 00:00:00'),
(62, 'PREVNAR 7', 'pneumococcal conjugate PCV 7', '100', 'Wyeth', 'WAL', 'Active', 'Active', '2010-05-28 00:00:00'),
(63, 'PNEUMOVAX 23', 'pneumococcal polysaccharide PPV23', '33', 'Merck & Co., Inc.', 'MSD', 'Active', 'Active', '2010-05-28 00:00:00'),
(64, 'IMOVAX ID', 'rabies, intradermal injection', '40', 'sanofi pasteur', 'PMC', 'Active', 'Inactive', '2010-08-18 00:00:00'),
(65, 'RabAvert', 'rabies, intradermal injection', '40', 'Chiron Corporation', 'CHI', 'Inactive', 'Inactive', '2010-05-28 00:00:00'),
(66, 'IMOVAX', 'rabies, intramuscular injection', '18', 'sanofi pasteur', 'PMC', 'Active', 'Active', '2010-05-28 00:00:00'),
(67, 'RABAVERT', 'rabies, intramuscular injection', '18', 'Novartis Pharmaceutical Corporation', 'NOV', 'Active', 'Active', '2010-05-28 00:00:00'),
(68, 'ROTARIX', 'rotavirus, monovalent', '119', 'GlaxoSmithKline', 'SKB', 'Active', 'Active', '2010-05-28 00:00:00'),
(69, 'ROTATEQ', 'rotavirus, pentavalent', '116', 'Merck & Co., Inc.', 'MSD', 'Active', 'Active', '2010-05-28 00:00:00'),
(70, 'MERUVAX II', 'rubella', '06', 'Merck & Co., Inc.', 'MSD', 'Active', 'Active', '2010-08-18 00:00:00'),
(71, 'BIAVAX II', 'rubella/mumps', '38', 'Merck & Co., Inc.', 'MSD', 'Active', 'Inactive', '2010-09-01 00:00:00'),
(72, 'DECAVAC', 'Td (adult) preservative free', '113', 'sanofi pasteur', 'PMC', 'Active', 'Active', '2010-05-28 00:00:00'),
(73, 'Tenivac', 'Td (adult) preservative free', '113', 'sanofi pasteur', 'PMC', 'Active', 'Active', '2012-08-02 00:00:00'),
(74, 'TD(GENERIC)', 'Td (adult), adsorbed', '09', 'Massachusetts Biologic Laboratories', 'MBL', 'Active', 'Active', '2010-05-28 00:00:00'),
(75, 'ADACEL', 'Tdap', '115', 'sanofi pasteur', 'PMC', 'Active', 'Active', '2010-05-28 00:00:00'),
(76, 'BOOSTRIX', 'Tdap', '115', 'GlaxoSmithKline', 'SKB', 'Active', 'Active', '2010-05-28 00:00:00'),
(77, 'TETANUS TOXOID (GENERIC)', 'tetanus toxoid, adsorbed', '35', 'sanofi pasteur', 'PMC', 'Active', 'Active', '2010-05-28 00:00:00'),
(78, 'VIVOTIF BERNA', 'typhoid, oral', '25', 'Berna Products Corporation', 'BPC', 'Active', 'Active', '2011-02-14 00:00:00'),
(79, 'TYPHOID-AKD', 'typhoid, parenteral, AKD (U.S. military)', '53', 'United States Army Medical Research and Material Command', 'USA', 'Active', 'Active', '2010-09-01 00:00:00'),
(80, 'TYPHIM VI', 'typhoid, ViCPs', '101', 'sanofi pasteur', 'PMC', 'Active', 'Active', '2010-05-28 00:00:00'),
(81, 'ACAM2000', 'vaccinia (smallpox)', '75', 'sanofi pasteur', 'PMC', 'Active', 'Active', '2010-05-28 00:00:00'),
(82, 'ACAM2000', 'vaccinia (smallpox)', '75', 'Acambis, Inc', 'ACA', 'Inactive', 'Inactive', '2010-05-28 00:00:00'),
(83, 'DRYVAX', 'vaccinia (smallpox)', '75', 'Wyeth', 'WAL', 'Active', 'Inactive', '2010-09-01 00:00:00'),
(84, 'VARIVAX', 'varicella', '21', 'Merck & Co., Inc.', 'MSD', 'Active', 'Active', '2010-05-28 00:00:00'),
(85, 'YF-VAX', 'yellow fever', '37', 'sanofi pasteur', 'PMC', 'Active', 'Active', '2010-05-28 00:00:00'),
(86, 'ZOSTAVAX', 'zoster', '121', 'Merck & Co., Inc.', 'MSD', 'Active', 'Active', '2010-05-28 00:00:00');

INSERT INTO `departments` (`id`, `title`) VALUES
(1, 'Radiology'),
(2, 'Medicine'),
(3, 'Dental'),
(4, 'Emergency');

INSERT INTO `documents_templates` (`id`, `title`, `template_type`, `body`, `date`, `created_date`, `updated_date`, `created_by_uid`, `updated_by_uid`) VALUES
(1, 'Return to work', 'documenttemplate', '<b>Return to Work Certificate</b><br><br>Patient Information:<br>Name: [PATIENT_FULL_NAME]&nbsp;&nbsp;&nbsp;&nbsp; Age: [PATIENT_AGE]&nbsp;&nbsp;&nbsp;&nbsp; Date: [DOC_NOTE_ORDER_DATE]<br>Address: [PATIENT_ADDRESS], [PATIENT_CITY] [PATIENT_STATE]&nbsp; [PATIENT_COUNTRY]<br><br>Has been under care of: [PHYSICIAN_LAST_NAME]<br>From: [DOC_NOTE_FROM_DATE]<br>To: [DOC_NOTE_TO_DATE]<br><br>Return to work on: [DOC_NOTE_TO_DATE]<br><br>Restrictions: [DOC_NOTE_RESTRICTIONS]<br><br>Comments: [DOC_NOTE_COMMENTS]<br><br>For more information, please call<br>[CLINIC_PHONE_NUMBER]<br><br><br><br>', '2012-05-14 12:34:51', NULL, NULL, 1, 1),
(2, 'Return to school', 'documenttemplate', '<b>Return to School Certificate<br><br></b>Patient Information:<br>Name: [PATIENT_FULL_NAME]&nbsp;&nbsp;&nbsp;&nbsp; Age: [PATIENT_AGE]&nbsp;&nbsp;&nbsp;&nbsp; Date: [DOC_NOTE_ORDER_DATE]<br>Address: [PATIENT_ADDRESS], [PATIENT_CITY] [PATIENT_STATE]&nbsp; [PATIENT_COUNTRY]<br><br>Has been under care of: [PHYSICIAN_LAST_NAME]<br>From: [DOC_NOTE_FROM_DATE]<br>To: [DOC_NOTE_TO_DATE]<br><br>Return to school on: [DOC_NOTE_TO_DATE]<br><br>Restrictions: [DOC_NOTE_RESTRICTIONS]<br><br>Comments: [DOC_NOTE_COMMENTS]<br><br>For more information, please call<br>[CLINIC_PHONE_NUMBER]<br><br>&nbsp;<br>', '2012-05-14 12:36:08', NULL, NULL, 1, 1),
(3, 'Encounter Report', 'defaulttemplate', 'Name: [PATIENT_FULL_NAME]&nbsp; ID:[PATIENT_ID]<br>Encounter Date: [ENCOUNTER_DATE]<br>Birth date: [PATIENT_BIRTHDATE]<br>Age: [PATIENT_AGE]&nbsp;&nbsp;&nbsp;&nbsp;&nbsp;&nbsp;&nbsp;&nbsp;&nbsp;&nbsp;&nbsp;&nbsp;&nbsp;&nbsp;&nbsp;&nbsp;&nbsp;&nbsp;&nbsp;&nbsp;&nbsp;&nbsp;&nbsp;&nbsp;&nbsp;&nbsp;&nbsp;&nbsp;&nbsp;&nbsp;&nbsp;&nbsp;&nbsp;&nbsp;&nbsp;&nbsp;&nbsp;&nbsp;&nbsp;&nbsp;&nbsp;&nbsp;&nbsp;&nbsp;&nbsp;&nbsp;&nbsp;&nbsp;&nbsp;&nbsp;&nbsp;&nbsp;&nbsp;&nbsp;&nbsp;&nbsp;&nbsp;&nbsp;&nbsp;&nbsp;&nbsp;&nbsp;&nbsp;&nbsp;&nbsp;&nbsp;&nbsp;&nbsp;&nbsp;&nbsp;&nbsp;&nbsp;&nbsp;&nbsp;&nbsp;&nbsp;&nbsp;&nbsp;&nbsp;&nbsp;&nbsp;&nbsp;&nbsp;&nbsp;&nbsp;&nbsp;&nbsp;&nbsp;&nbsp;&nbsp;&nbsp;&nbsp;&nbsp;&nbsp;&nbsp;&nbsp;&nbsp;&nbsp;&nbsp;&nbsp;&nbsp;&nbsp;&nbsp;&nbsp;&nbsp;&nbsp;&nbsp;&nbsp;&nbsp;&nbsp;&nbsp;&nbsp;&nbsp;&nbsp;&nbsp;&nbsp;&nbsp;&nbsp;&nbsp;&nbsp;&nbsp;&nbsp;&nbsp;&nbsp;&nbsp; [PATIENT_PICTURE]<br>&nbsp;&nbsp;&nbsp;&nbsp;&nbsp;&nbsp;&nbsp;&nbsp;&nbsp;&nbsp;&nbsp;&nbsp;&nbsp;&nbsp;&nbsp;&nbsp;&nbsp;&nbsp;&nbsp;&nbsp;&nbsp;&nbsp;&nbsp;&nbsp;&nbsp;&nbsp;&nbsp;&nbsp;&nbsp;&nbsp;&nbsp;&nbsp;&nbsp; <br>Vitals<br>Height:&nbsp;&nbsp;&nbsp;&nbsp;&nbsp;&nbsp;&nbsp;&nbsp;&nbsp;&nbsp;&nbsp;&nbsp;&nbsp;&nbsp;&nbsp;&nbsp;&nbsp;&nbsp;&nbsp; [PATIENT_HEIGHT]<br>Weight:&nbsp;&nbsp;&nbsp;&nbsp;&nbsp;&nbsp;&nbsp;&nbsp;&nbsp;&nbsp;&nbsp;&nbsp;&nbsp;&nbsp;&nbsp;&nbsp;&nbsp;&nbsp; [PATIENT_WEIGHT]<br>Temperature:&nbsp;&nbsp;&nbsp;&nbsp;&nbsp;&nbsp;&nbsp;&nbsp;&nbsp; [PATIENT_TEMPERATURE]<br>Blood Pressure:&nbsp;&nbsp;&nbsp;&nbsp;&nbsp;&nbsp; [PATIENT_BLOOD_PREASURE]<br>Respiration:&nbsp;&nbsp;&nbsp;&nbsp;&nbsp;&nbsp;&nbsp;&nbsp;&nbsp;&nbsp;&nbsp;&nbsp; [PATIENT_RESPIRATORY_RATE]<br>Pulse:&nbsp;&nbsp;&nbsp;&nbsp;&nbsp;&nbsp;&nbsp;&nbsp;&nbsp;&nbsp;&nbsp;&nbsp;&nbsp;&nbsp;&nbsp;&nbsp;&nbsp;&nbsp;&nbsp;&nbsp;&nbsp; [PATIENT_PULSE]<br>BMI:&nbsp;&nbsp;&nbsp;&nbsp;&nbsp;&nbsp;&nbsp;&nbsp;&nbsp;&nbsp;&nbsp;&nbsp;&nbsp;&nbsp;&nbsp;&nbsp;&nbsp;&nbsp;&nbsp;&nbsp;&nbsp;&nbsp;&nbsp;&nbsp; [PATIENT_BMI]<br><br>Subjective:<br>[ENCOUNTER_SUBJECTIVE]<br><br>Objective:<br>[ENCOUNTER_OBJECTIVE]<br><br>Assessment:<br>[ENCOUNTER_ASSESMENT]<br><br>Plan:<br>[ENCOUNTER_PLAN]<br><br>Medications:<br>[ENCOUNTER_MEDICATIONS]<br><br>Follow Up:<br>[ENCOUNTER_FOLLOW_UP]<br><br>Services:<br>[ENCOUNTER_SERVICES]<br><br>Signature:<br>[ENCOUNTER_SIGNATURE]<br><br><br>', '2012-05-14 12:46:22', NULL, NULL, 1, NULL),
(4, 'Lab Orders', 'defaulttemplate', 'Patient Information:<br>Name: [PATIENT_FULL_NAME]&nbsp;&nbsp;&nbsp;&nbsp; ID: [PATIENT_ID]&nbsp;&nbsp;&nbsp;&nbsp; Age: [PATIENT_AGE]&nbsp; &nbsp;<br>Address: [PATIENT_ADDRESS], [PATIENT_CITY] [PATIENT_STATE]&nbsp; [PATIENT_COUNTRY]<br>Date: [CURRENT_DATE]<br><br>Lab Orders<br><br>[ORDER_ITEMS]<br><br>Provider: [CURRENT_USER_FULL_NAME]<br><br>', '2012-05-14 12:47:12', NULL, NULL, 1, NULL),
(5, 'Rx  Orders', 'defaulttemplate', '<h1>Rx</h1>Patient Information:<br>Name: [PATIENT_FULL_NAME]&nbsp;&nbsp;&nbsp;&nbsp; ID: [PATIENT_ID]&nbsp;&nbsp;&nbsp;&nbsp; Age: [PATIENT_AGE]&nbsp;&nbsp; <br>Address: [PATIENT_ADDRESS], [PATIENT_CITY] [PATIENT_STATE]&nbsp; [PATIENT_COUNTRY]<br>Date: [CURRENT_DATE]<br><br><br>[ORDER_ITEMS]<br><br><br>Provider: [CURRENT_USER_FULL_NAME]<br><br><br>', '2012-05-14 12:48:41', NULL, NULL, 1, NULL),
(6, 'X-Ray Orders', 'defaulttemplate', 'Patient Information:<br>Name: [PATIENT_FULL_NAME]&nbsp;&nbsp;&nbsp;&nbsp; ID: [PATIENT_ID]&nbsp;&nbsp;&nbsp;&nbsp; Age: [PATIENT_AGE]&nbsp;&nbsp; <br>Address: [PATIENT_ADDRESS], [PATIENT_CITY] [PATIENT_STATE]&nbsp; [PATIENT_COUNTRY]<br>Date: [CURRENT_DATE]<br><br>Dx: [CURRENT_ENCOUNTER_ASSESSMENT_CODE_LIST]<br>X-Rays Orders<br><br>[ORDER_ITEMS]<br><br>Provider: [CURRENT_USER_FULL_NAME]<br><br><br>', '2012-05-14 12:54:33', NULL, NULL, 1, NULL),
(7, 'Doctor''s Note', 'documenttemplate', 'Doctor''s Note<br>Patient Information:&nbsp;&nbsp;&nbsp;&nbsp;&nbsp;&nbsp;&nbsp;&nbsp;&nbsp;&nbsp;&nbsp;&nbsp;&nbsp;&nbsp;&nbsp;&nbsp;&nbsp;&nbsp;&nbsp;&nbsp;&nbsp;&nbsp;&nbsp;&nbsp;&nbsp;&nbsp;&nbsp;&nbsp;&nbsp;&nbsp;&nbsp;&nbsp;&nbsp;&nbsp;&nbsp;&nbsp;&nbsp;&nbsp;&nbsp;&nbsp;&nbsp;&nbsp;&nbsp;&nbsp;&nbsp;&nbsp;&nbsp;&nbsp; <br>[PATIENT_PICTURE]<br>Name: [PATIENT_FULL_NAME]&nbsp;&nbsp;&nbsp;&nbsp; Age: [PATIENT_AGE]&nbsp;&nbsp;&nbsp;&nbsp; Date: [CURRENT_DATE]<br>Address: [PATIENT_ADDRESS], [PATIENT_CITY] [PATIENT_STATE]&nbsp; [PATIENT_COUNTRY]<br><br>Restrictions:<br>[DOC_NOTE_RESTRICTIONS]<br><br>Comments:<br>[DOC_NOTE_COMMENTS]<br><br>For more information, please call<br>[CLINIC_PHONE_NUMBER]<br><br><br>', '2012-05-29 13:47:22', NULL, NULL, 1, 1),
(8, 'Footer Classic', 'headerorfootertemplate', 'TTteawdeaD<br>', '2012-05-29 14:45:31', NULL, NULL, 1, NULL),
(9, 'Header Classic', 'headerorfootertemplate', 'qweqweqwe<br>', '2012-05-29 14:46:53', NULL, NULL, 1, NULL),
(10, 'Referrals', 'defaulttemplate', '<h1>Referral <span style="font-size:10px">(clinic copy)</span></h1>\n<p><b>Patient Information</b></p>\n<p>Name: [PATIENT_FULL_NAME]&nbsp;&nbsp;&nbsp;&nbsp; ID: [PATIENT_ID]&nbsp;&nbsp;&nbsp;&nbsp; Age: [PATIENT_AGE]<br>\nAddress: [PATIENT_ADDRESS], [PATIENT_CITY] [PATIENT_STATE]&nbsp; [PATIENT_COUNTRY]</p>\n<p><b>Order Info</b></p>\n<p>Order ID: [REFERRAL_ID]</p>\n<p>Order Date: [CURRENT_DATE]</p>\n<p>Service Requested: [REFERRAL_SERVICE]</p>\n<p>Reference Reason: [REFERRAL_REASON]</p>\n<p>Diagnosis: [REFERRAL_DIAGNOSIS]</p>\n<p>Classification (risk level): [REFERRAL_RISK_LEVEL]</p>\n<p>Referred To: [REFERRAL_TO_TEXT]</p>\n<p>Provider (name and signature): [REFERRAL_BY_TEXT]</p>\n\n{line}\n\n<h1>Referral <span style="font-size:10px">(client copy)</span></h1>\n<p><b>Patient Information</b></p>\n<p>Name: [PATIENT_FULL_NAME]&nbsp;&nbsp;&nbsp;&nbsp; ID: [PATIENT_ID]&nbsp;&nbsp;&nbsp;&nbsp; Age: [PATIENT_AGE]<br>\nAddress: [PATIENT_ADDRESS], [PATIENT_CITY] [PATIENT_STATE]&nbsp; [PATIENT_COUNTRY]</p>\n<p><b>Order Info</b></p>\n<p>Order ID: [REFERRAL_ID]</p>\n<p>Order Date: [CURRENT_DATE]</p>\n<p>Service Requested: [REFERRAL_SERVICE]</p>\n<p>Reference Reason: [REFERRAL_REASON]</p>\n<p>Diagnosis: [REFERRAL_DIAGNOSIS]</p>\n<p>Classification (risk level): [REFERRAL_RISK_LEVEL]</p>\n<p>Referred To: [REFERRAL_TO_TEXT]</p>\n<p>Provider (name and signature): [REFERRAL_BY_TEXT]</p>\n\n{newpage}\n\n<h1>COUNTER REFERRAL</h1>\n<p><b>Patient Information</b></p>\n<p>Name: [PATIENT_FULL_NAME]&nbsp;&nbsp;&nbsp;&nbsp; ID: [PATIENT_ID]&nbsp;&nbsp;&nbsp;&nbsp; Age: [PATIENT_AGE]<br>\nAddress: [PATIENT_ADDRESS], [PATIENT_CITY] [PATIENT_STATE]&nbsp; [PATIENT_COUNTRY]</p>\n<p>Order ID: [REFERRAL_ID]</p>\n<p>Health Center/Clinic:</p>\n<p>Diagnosis:<br><br><br></p>\n<p>Findings:<br><br><br></p>\n<p>Final Diagnosis:<br><br><br></p>\n<p>Services Provided:<br><br><br></p>\n<p>Recommendation and Treatment:<br><br><br></p>\n<p>Prescription and Other Referrals:<br></p><p><br></p>\n<p>Specialist Name and Signature:<br><br><br></p>', '2012-06-06 10:25:43', NULL, NULL, 1, 1),
(11, 'testDOC', 'documenttemplate', 'Name: [PATIENT_FULL_NAME]&nbsp; ID:[PATIENT_ID]<br>Encounter Date: [ENCOUNTER_DATE_START]<br>Birth date: [PATIENT_BIRTHDATE]<br>Age: [PATIENT_AGE]&nbsp;&nbsp;&nbsp;&nbsp;&nbsp;&nbsp;&nbsp;&nbsp;&nbsp;&nbsp;&nbsp;&nbsp;&nbsp;&nbsp;&nbsp;&nbsp;&nbsp;&nbsp;&nbsp;&nbsp;&nbsp;&nbsp;&nbsp;&nbsp;&nbsp;&nbsp;&nbsp;&nbsp;&nbsp;&nbsp;&nbsp;&nbsp;&nbsp;&nbsp;&nbsp;&nbsp;&nbsp;&nbsp;&nbsp;&nbsp;&nbsp;&nbsp;&nbsp;&nbsp;&nbsp;&nbsp;&nbsp;&nbsp;&nbsp;&nbsp;&nbsp;&nbsp;&nbsp;&nbsp;&nbsp;&nbsp;&nbsp;&nbsp;&nbsp;&nbsp;&nbsp;&nbsp;&nbsp;&nbsp;&nbsp;&nbsp;&nbsp;&nbsp;&nbsp;&nbsp;&nbsp;&nbsp;&nbsp;&nbsp;&nbsp;&nbsp;&nbsp;&nbsp;&nbsp;&nbsp;&nbsp;&nbsp;&nbsp;&nbsp;&nbsp;&nbsp;&nbsp;&nbsp;&nbsp;&nbsp;&nbsp;&nbsp;&nbsp;&nbsp;&nbsp;&nbsp;&nbsp;&nbsp;&nbsp;&nbsp;&nbsp;&nbsp;&nbsp;&nbsp;&nbsp;&nbsp;&nbsp;&nbsp;&nbsp;&nbsp;&nbsp;&nbsp;&nbsp;&nbsp;&nbsp;&nbsp;&nbsp;&nbsp;&nbsp;&nbsp;&nbsp;&nbsp;&nbsp;&nbsp;&nbsp;&nbsp;&nbsp;&nbsp;&nbsp;&nbsp;&nbsp;&nbsp;&nbsp;&nbsp;&nbsp;&nbsp;&nbsp;&nbsp;&nbsp;&nbsp;&nbsp;&nbsp;&nbsp;&nbsp;&nbsp;&nbsp;&nbsp;&nbsp;&nbsp;&nbsp;&nbsp;&nbsp;&nbsp;&nbsp;&nbsp;&nbsp;&nbsp;&nbsp;&nbsp;&nbsp;&nbsp;&nbsp;&nbsp;&nbsp;&nbsp;&nbsp; [PATIENT_PICTURE]<br>Vitals<br>Height:&nbsp;&nbsp;&nbsp;&nbsp;&nbsp;&nbsp;&nbsp;&nbsp;&nbsp;&nbsp;&nbsp;&nbsp;&nbsp;&nbsp;&nbsp;&nbsp;&nbsp;&nbsp;&nbsp;&nbsp; [ENCOUNTER_HEIGHT_IN]<br>Weight:&nbsp;&nbsp;&nbsp;&nbsp;&nbsp;&nbsp;&nbsp;&nbsp;&nbsp;&nbsp;&nbsp;&nbsp;&nbsp;&nbsp;&nbsp;&nbsp;&nbsp;&nbsp;&nbsp; [ENCOUNTER_WEIGHT_LBS]<br>Temperature:&nbsp;&nbsp;&nbsp;&nbsp;&nbsp;&nbsp;&nbsp;&nbsp;&nbsp;&nbsp; [ENCOUNTER_TEMP_FAHRENHEIT]<br>Blood Pressure:&nbsp;&nbsp;&nbsp;&nbsp;&nbsp;&nbsp; [ENCOUNTER_BP_SYSTOLIC]/[ENCOUNTER_BP_DIASTOLIC]<br>Respiration:&nbsp;&nbsp;&nbsp;&nbsp;&nbsp;&nbsp;&nbsp;&nbsp;&nbsp;&nbsp;&nbsp;&nbsp; [ENCOUNTER_RESPIRATION]<br>Pulse:&nbsp;&nbsp;&nbsp;&nbsp;&nbsp;&nbsp;&nbsp;&nbsp;&nbsp;&nbsp;&nbsp;&nbsp;&nbsp;&nbsp;&nbsp;&nbsp;&nbsp;&nbsp;&nbsp;&nbsp;&nbsp; [ENCOUNTER_PULSE]<br>BMI:&nbsp;&nbsp;&nbsp;&nbsp;&nbsp;&nbsp;&nbsp;&nbsp;&nbsp;&nbsp;&nbsp;&nbsp;&nbsp;&nbsp;&nbsp;&nbsp;&nbsp;&nbsp;&nbsp;&nbsp;&nbsp;&nbsp; [ENCOUNTER_BMI]<br>BMI Status:&nbsp;&nbsp;&nbsp;&nbsp;&nbsp;&nbsp;&nbsp;&nbsp;&nbsp;&nbsp;&nbsp; [ENCOUNTER_BMI_STATUS]<br>Subjective:<br>[ENCOUNTER_SUBJECTIVE]<br>Objective:<br>[ENCOUNTER_OBJECTIVE]<br>Assessment:<br>[ENCOUNTER_ASSESMENT]<br>Plan:<br>[ENCOUNTER_PLAN]<br><br><br>', '2012-07-04 19:41:23', NULL, NULL, 1, NULL);

INSERT INTO `facility` (`id`, `name`, `active`, `phone`, `fax`, `street`, `city`, `state`, `postal_code`, `country_code`, `service_location`, `billing_location`, `accepts_assignment`, `pos_code`, `x12_sender_id`, `attn`, `ssn`, `ein`, `clia`, `fda`, `npi`) VALUES
(1, 'My Primary Clinic', 1, '787-578-4444', '787-578-4444', 'Calle 20', 'San Juan', 'PR', '00924', 'USA', 1, 1, 1, '22', '', '', NULL, NULL, NULL, NULL, NULL),
(2, 'My Second Clinic', 1, '787-787-8888', '787-787-8888', 'calle 20', 'Caolina', 'PR', '00987', 'USA', 1, 1, 1, '04', '', 'Sra. Rodriguez', NULL, NULL, NULL, NULL, NULL);

INSERT INTO `facility_structures` (`id`, `fid`, `foreign_id`, `foreign_type`, `parentId`, `active`) VALUES
(31, 1, 1, 'D', 'f1', NULL),
(32, 1, 2, 'D', 'f1', NULL),
(33, 1, 3, 'D', 'f1', NULL),
(34, 1, 2, 'S', '31', NULL),
(35, 1, 3, 'S', '31', NULL),
(36, 1, 4, 'S', '31', NULL),
(37, 1, 5, 'S', '31', NULL),
(38, 1, 6, 'S', '31', NULL),
(39, 1, 7, 'S', '31', NULL),
(40, 1, 8, 'S', '31', NULL),
(41, 1, 48, 'S', '33', 0),
(42, 1, 49, 'S', '33', 0),
(43, 1, 50, 'S', '33', NULL),
(44, 1, 51, 'S', '33', NULL),
(46, 1, 2, 'D', 'f2', NULL),
(47, 1, 52, 'S', '33', 0),
(48, 1, 34, 'S', '32', 0),
(49, 1, 34, 'S', '46', 0);

INSERT INTO `floor_plans` (`id`, `title`, `facility_id`, `active`) VALUES
(1, 'Emergency Example', 1, 1),
(2, 'Clinic Example', 1, 1),
(3, 'Clinic Example 2', 1, 1);

INSERT INTO `floor_plans_zones` (`id`, `floor_plan_id`, `title`, `type`, `bg_color`, `border_color`, `scale`, `width`, `height`, `x`, `y`, `show_priority_color`, `show_patient_preview`, `active`) VALUES
(1, 1, '312', NULL, NULL, NULL, 'medium', NULL, NULL, 50, 273, 1, 1, 1),
(2, 1, '316', NULL, NULL, NULL, 'medium', NULL, NULL, 50, 411, 1, 1, 1),
(3, 1, '314', NULL, NULL, NULL, 'medium', NULL, NULL, 50, 342, 1, 1, 1),
(4, 1, '304', NULL, NULL, NULL, 'medium', NULL, NULL, 100, 34, 1, 1, 1),
(5, 1, '317', NULL, NULL, NULL, 'medium', NULL, NULL, 50, 446, 1, 1, 1),
(6, 1, '301', NULL, NULL, NULL, 'medium', NULL, NULL, 249, 34, 1, 1, 1),
(7, 1, '308', NULL, NULL, NULL, 'medium', NULL, NULL, 50, 136, 1, 1, 1),
(8, 1, '318', NULL, NULL, NULL, 'medium', NULL, NULL, 50, 481, 1, 1, 1),
(9, 1, '303', NULL, NULL, NULL, 'medium', NULL, NULL, 150, 34, 1, 1, 1),
(10, 1, '315', NULL, NULL, NULL, 'medium', NULL, NULL, 50, 376, 1, 1, 1),
(11, 1, '302', NULL, NULL, NULL, 'medium', NULL, NULL, 199, 34, 1, 1, 1),
(12, 1, '310', NULL, NULL, NULL, 'medium', NULL, NULL, 50, 204, 1, 1, 1),
(13, 1, '311', NULL, NULL, NULL, 'medium', NULL, NULL, 50, 238, 1, 1, 1),
(14, 1, '305', NULL, NULL, NULL, 'medium', NULL, NULL, 50, 34, 1, 1, 1),
(15, 1, '307', NULL, NULL, NULL, 'medium', NULL, NULL, 50, 102, 1, 1, 1),
(16, 1, '313', NULL, NULL, NULL, 'medium', NULL, NULL, 50, 308, 1, 1, 1),
(17, 1, '309', NULL, NULL, NULL, 'medium', NULL, NULL, 50, 170, 1, 1, 1),
(18, 1, '306', NULL, NULL, NULL, 'medium', NULL, NULL, 50, 68, 1, 1, 1),
(29, 2, 'Room 3', NULL, NULL, NULL, 'medium', 200, 200, 82, 280, 1, 1, 1),
(30, 2, 'New Zone', NULL, NULL, NULL, 'medium', 200, 200, 329, 280, 1, 1, 1),
(32, 2, 'Room 1', NULL, NULL, NULL, 'medium', 200, 200, 82, 16, 1, 1, 1),
(34, 2, 'Room 2', NULL, NULL, NULL, 'medium', 200, 200, 329, 15, 1, 1, 1),
(36, 3, 'Triage', NULL, '#CCFFCC', NULL, 'medium', 200, 100, 81, 327, 1, 1, 1),
(37, 3, 'Room 1', NULL, '#CCFFCC', NULL, 'medium', 200, 100, 81, 225, 1, 1, 1),
(38, 3, 'Room 2', NULL, '#CCFFCC', NULL, 'medium', 200, 200, 81, 23, 1, 1, 0),
(39, 3, 'Room 5', NULL, '#CCFFCC', NULL, 'medium', 200, 100, 283, 23, 1, 1, 0),
(40, 3, 'X-Ray Room', NULL, '#CCFFCC', NULL, 'medium', 200, 100, 484, 23, 1, 1, 1),
(42, 3, 'Dr.Office', '', '#FFFF99', '', 'medium', 280, 200, 404, 228, 1, 1, 0);

INSERT INTO `forms_fields` (`id`, `form_id`, `xtype`, `parentId`, `x_index`) VALUES
(95, 1, 'fieldset', 0, NULL),
(96, 1, 'fieldcontainer', 95, 1),
(97, 1, 'combobox', 96, NULL),
(98, 1, 'textfield', 96, 1),
(99, 1, 'textfield', 96, 2),
(100, 1, 'textfield', 96, 3),
(101, 1, 'fieldcontainer', 95, 2),
(102, 1, 'combobox', 101, 0),
(103, 1, 'mitos.datetime', 101, 0),
(104, 1, 'combobox', 101, 0),
(105, 1, 'textfield', 101, 0),
(106, 1, 'textfield', 1192, NULL),
(107, 1, 'textfield', 1189, NULL),
(108, 1, 'fieldset', 0, 2),
(110, 1, 'textfield', 1144, NULL),
(111, 1, 'textfield', 114, NULL),
(112, 1, 'combobox', 114, 0),
(113, 1, 'combobox', 114, 0),
(114, 1, 'fieldcontainer', 1144, 2),
(115, 1, 'textfield', 1144, 3),
(116, 1, 'textfield', 1144, 4),
(117, 1, 'textfield', 1250, NULL),
(118, 1, 'textfield', 1145, NULL),
(119, 1, 'textfield', 1145, 0),
(120, 1, 'textfield', 1145, 0),
(121, 1, 'textfield', 1145, 0),
(122, 1, 'textfield', 1145, 0),
(123, 1, 'fieldset', 0, 3),
(124, 1, 'combobox', 123, NULL),
(125, 1, 'combobox', 123, 1),
(126, 1, 'combobox', 123, 2),
(128, 1, 'fieldcontainer', 123, 3),
(129, 1, 'checkbox', 128, NULL),
(130, 1, 'checkbox', 128, 0),
(131, 1, 'fieldcontainer', 123, 4),
(132, 1, 'checkbox', 131, NULL),
(133, 1, 'checkbox', 131, 0),
(134, 1, 'checkbox', 128, 0),
(135, 1, 'checkbox', 131, 0),
(136, 1, 'checkbox', 128, 0),
(137, 1, 'checkbox', 131, 0),
(138, 1, 'fieldset', 0, 4),
(139, 1, 'textfield', 138, 0),
(140, 1, 'textfield', 138, 0),
(141, 1, 'textfield', 138, 0),
(142, 1, 'fieldcontainer', 138, 3),
(143, 1, 'textfield', 142, 0),
(144, 1, 'combobox', 142, 0),
(145, 1, 'combobox', 142, 0),
(146, 1, 'textfield', 142, 0),
(149, 4, 'textfield', 0, 1),
(152, 4, 'textfield', 0, 2),
(170, 4, 'textfield', 0, 3),
(171, 4, 'textfield', 0, 4),
(172, 4, 'textfield', 0, 5),
(173, 4, 'textfield', 0, 6),
(174, 4, 'textfield', 0, 7),
(175, 4, 'textfield', 0, 8),
(176, 4, 'textfield', 0, 9),
(177, 4, 'textfield', 0, 10),
(178, 4, 'combobox', 0, 11),
(179, 4, 'textfield', 0, 12),
(180, 4, 'textfield', 0, 13),
(181, 4, 'textfield', 0, 14),
(182, 4, 'textfield', 0, 15),
(183, 4, 'textfield', 0, 16),
(184, 4, 'textfield', 0, 17),
(185, 4, 'textfield', 0, 18),
(186, 4, 'textfield', 0, 19),
(187, 5, 'fieldcontainer', 0, 0),
(188, 5, 'fieldcontainer', 187, NULL),
(189, 5, 'fieldcontainer', 187, 1),
(190, 5, 'textareafield', 188, 2),
(191, 5, 'combobox', 188, 1),
(192, 5, 'combobox', 189, 2),
(194, 5, 'combobox', 189, 3),
(195, 5, 'mitos.datetime', 188, NULL),
(196, 5, 'mitos.datetime', 189, 6),
(198, 6, 'fieldset', 0, 2),
(199, 6, 'fieldset', 0, 1),
(200, 6, 'fieldset', 0, 2),
(201, 6, 'fieldset', 0, 3),
(202, 6, 'textareafield', 198, 0),
(203, 6, 'textareafield', 199, 0),
(204, 6, 'textareafield', 200, 0),
(205, 6, 'textareafield', 201, 0),
(206, 7, 'fieldset', 0, 1),
(207, 7, 'fieldset', 0, 1),
(208, 7, 'textareafield', 206, 0),
(209, 7, 'textareafield', 207, 0),
(212, 8, 'fieldset', 0, NULL),
(218, 8, 'checkbox', 212, 3),
(223, 8, 'checkbox', 212, 4),
(227, 8, 'checkbox', 212, 5),
(230, 8, 'checkbox', 212, NULL),
(234, 8, 'checkbox', 212, 1),
(238, 8, 'checkbox', 212, 2),
(242, 8, 'checkbox', 212, 6),
(246, 8, 'checkbox', 212, 7),
(250, 8, 'checkbox', 212, 8),
(254, 8, 'checkbox', 212, 9),
(258, 8, 'checkbox', 212, 10),
(261, 8, 'fieldset', 0, 2),
(283, 8, 'checkbox', 261, NULL),
(287, 8, 'checkbox', 261, 1),
(291, 8, 'checkbox', 261, 2),
(298, 8, 'checkbox', 261, 3),
(302, 8, 'checkbox', 261, 4),
(306, 8, 'checkbox', 261, 5),
(311, 8, 'checkbox', 261, 6),
(315, 8, 'checkbox', 261, 7),
(319, 8, 'checkbox', 261, 8),
(322, 8, 'fieldset', 0, 3),
(323, 8, 'fieldset', 0, 4),
(324, 8, 'fieldset', 0, 5),
(330, 8, 'checkbox', 322, NULL),
(334, 8, 'checkbox', 322, 1),
(338, 8, 'checkbox', 322, 2),
(343, 8, 'checkbox', 322, 3),
(347, 8, 'checkbox', 322, 4),
(351, 8, 'checkbox', 322, 5),
(355, 8, 'checkbox', 322, 6),
(360, 8, 'checkbox', 322, 7),
(364, 8, 'checkbox', 322, 8),
(368, 8, 'checkbox', 322, 9),
(372, 8, 'checkbox', 322, 10),
(376, 8, 'checkbox', 322, 11),
(382, 8, 'checkbox', 323, NULL),
(386, 8, 'checkbox', 323, 1),
(390, 8, 'checkbox', 323, 2),
(394, 8, 'checkbox', 323, 3),
(402, 8, 'checkbox', 324, NULL),
(406, 8, 'checkbox', 324, 1),
(411, 8, 'checkbox', 324, 2),
(416, 8, 'checkbox', 324, 3),
(420, 8, 'checkbox', 324, 4),
(424, 8, 'checkbox', 324, 5),
(428, 8, 'checkbox', 324, 6),
(431, 8, 'fieldset', 0, 14),
(434, 8, 'checkbox', 431, NULL),
(439, 8, 'checkbox', 431, 1),
(443, 8, 'checkbox', 431, 2),
(446, 8, 'fieldset', 0, 6),
(452, 8, 'checkbox', 446, NULL),
(456, 8, 'checkbox', 446, 1),
(460, 8, 'checkbox', 446, 2),
(464, 8, 'checkbox', 446, 3),
(468, 8, 'checkbox', 446, 4),
(472, 8, 'checkbox', 446, 5),
(476, 8, 'checkbox', 446, 6),
(480, 8, 'checkbox', 446, 7),
(484, 8, 'checkbox', 446, 8),
(488, 8, 'checkbox', 446, 9),
(492, 8, 'checkbox', 446, 10),
(496, 8, 'checkbox', 446, 11),
(499, 8, 'fieldset', 0, 8),
(504, 8, 'checkbox', 499, NULL),
(508, 8, 'checkbox', 499, 1),
(512, 8, 'checkbox', 499, 2),
(516, 8, 'checkbox', 499, 3),
(520, 8, 'checkbox', 499, 4),
(525, 8, 'checkbox', 499, 5),
(529, 8, 'checkbox', 499, 6),
(533, 8, 'checkbox', 499, 7),
(537, 8, 'checkbox', 499, 8),
(540, 8, 'fieldset', 0, 9),
(545, 8, 'checkbox', 540, NULL),
(549, 8, 'checkbox', 540, 1),
(553, 8, 'checkbox', 540, 2),
(558, 8, 'checkbox', 540, 3),
(562, 8, 'checkbox', 540, 4),
(566, 8, 'checkbox', 540, 5),
(569, 8, 'fieldset', 0, 12),
(573, 8, 'checkbox', 569, NULL),
(577, 8, 'checkbox', 569, 1),
(581, 8, 'checkbox', 569, 2),
(585, 8, 'checkbox', 569, 3),
(589, 8, 'checkbox', 569, 4),
(592, 8, 'fieldset', 0, 15),
(597, 8, 'checkbox', 592, NULL),
(601, 8, 'checkbox', 592, 1),
(605, 8, 'checkbox', 592, 2),
(613, 8, 'checkbox', 592, 3),
(618, 8, 'checkbox', 592, 5),
(624, 8, 'checkbox', 592, 4),
(627, 8, 'checkbox', 592, 6),
(631, 8, 'fieldset', 0, 7),
(640, 8, 'checkbox', 631, NULL),
(644, 8, 'checkbox', 631, 1),
(648, 8, 'checkbox', 631, 2),
(651, 8, 'checkbox', 631, 3),
(655, 8, 'checkbox', 631, 4),
(659, 8, 'checkbox', 631, 5),
(663, 8, 'checkbox', 631, 6),
(667, 8, 'checkbox', 631, 7),
(671, 8, 'checkbox', 631, 15),
(676, 8, 'checkbox', 631, 9),
(680, 8, 'checkbox', 631, 10),
(684, 8, 'checkbox', 631, 11),
(688, 8, 'checkbox', 631, 12),
(692, 8, 'checkbox', 631, 13),
(697, 8, 'checkbox', 631, 14),
(701, 8, 'checkbox', 631, 8),
(704, 8, 'fieldset', 0, 10),
(710, 8, 'checkbox', 704, NULL),
(714, 8, 'checkbox', 704, 1),
(718, 8, 'checkbox', 704, 2),
(722, 8, 'checkbox', 704, 3),
(726, 8, 'checkbox', 704, 4),
(729, 8, 'checkbox', 704, 8),
(731, 8, 'checkbox', 704, 5),
(735, 8, 'checkbox', 704, 6),
(739, 8, 'checkbox', 704, 7),
(746, 8, 'checkbox', 704, 9),
(750, 8, 'checkbox', 704, 10),
(754, 8, 'checkbox', 704, 11),
(757, 8, 'fieldset', 0, 13),
(761, 8, 'checkbox', 757, NULL),
(765, 8, 'checkbox', 757, 1),
(769, 8, 'checkbox', 757, 2),
(773, 8, 'checkbox', 757, 3),
(777, 8, 'checkbox', 757, 4),
(780, 8, 'fieldset', 0, 11),
(785, 8, 'checkbox', 780, NULL),
(789, 8, 'checkbox', 780, 1),
(793, 8, 'checkbox', 780, 2),
(797, 8, 'checkbox', 780, 3),
(801, 8, 'checkbox', 780, 4),
(805, 8, 'checkbox', 780, 5),
(809, 8, 'checkbox', 780, 6),
(813, 8, 'checkbox', 780, 7),
(817, 8, 'checkbox', 780, 8),
(820, 8, 'fieldset', 0, 1),
(826, 8, 'checkbox', 820, NULL),
(829, 8, 'checkbox', 820, 1),
(834, 8, 'checkbox', 820, 2),
(838, 8, 'checkbox', 820, 3),
(842, 8, 'checkbox', 820, 4),
(846, 8, 'checkbox', 820, 5),
(850, 8, 'checkbox', 820, 6),
(854, 8, 'checkbox', 820, 7),
(858, 8, 'checkbox', 820, 8),
(862, 8, 'checkbox', 820, 9),
(866, 8, 'checkbox', 820, 10),
(871, 9, 'checkbox', 877, 4),
(872, 9, 'checkbox', 881, 4),
(873, 9, 'fieldset', 0, 1),
(874, 9, 'textareafield', 0, 9),
(875, 9, 'checkbox', 877, 3),
(877, 9, 'fieldcontainer', 873, NULL),
(878, 9, 'checkbox', 877, 1),
(879, 9, 'checkbox', 881, 1),
(881, 9, 'fieldcontainer', 873, 1),
(884, 9, 'checkbox', 892, 4),
(885, 9, 'checkbox', 877, 2),
(886, 9, 'checkbox', 881, 4),
(887, 9, 'checkbox', 877, 4),
(888, 9, 'checkbox', 881, 2),
(889, 9, 'checkbox', 881, 3),
(890, 9, 'fieldset', 0, 1),
(891, 9, 'checkbox', 892, 2),
(892, 9, 'fieldcontainer', 890, 0),
(893, 9, 'checkbox', 892, 3),
(894, 9, 'checkbox', 892, 4),
(895, 9, 'checkbox', 892, 1),
(896, 9, 'fieldset', 0, 4),
(897, 9, 'fieldcontainer', 896, 0),
(898, 9, 'fieldcontainer', 896, 0),
(899, 9, 'checkbox', 897, 3),
(900, 9, 'checkbox', 898, 1),
(901, 9, 'checkbox', 897, 2),
(902, 9, 'checkbox', 897, 3),
(903, 9, 'checkbox', 897, 1),
(904, 9, 'checkbox', 898, 1),
(905, 9, 'fieldset', 0, 5),
(906, 9, 'fieldcontainer', 905, 0),
(907, 9, 'checkbox', 906, 3),
(908, 9, 'fieldcontainer', 905, 0),
(909, 9, 'checkbox', 908, 1),
(910, 9, 'checkbox', 906, 4),
(911, 9, 'checkbox', 906, 1),
(912, 9, 'checkbox', 908, 1),
(913, 9, 'checkbox', 906, 4),
(914, 9, 'checkbox', 906, 2),
(915, 9, 'fieldset', 0, 2),
(916, 9, 'fieldcontainer', 915, 0),
(917, 9, 'fieldcontainer', 915, 0),
(918, 9, 'fieldcontainer', 915, 0),
(919, 9, 'fieldcontainer', 915, 0),
(922, 9, 'checkbox', 916, 4),
(923, 9, 'checkbox', 918, 3),
(924, 9, 'checkbox', 917, 4),
(925, 9, 'checkbox', 917, 1),
(926, 9, 'checkbox', 916, 1),
(927, 9, 'checkbox', 918, 2),
(928, 9, 'checkbox', 916, 2),
(929, 9, 'checkbox', 916, 3),
(930, 9, 'checkbox', 916, 4),
(931, 9, 'checkbox', 917, 2),
(932, 9, 'checkbox', 917, 3),
(933, 9, 'checkbox', 917, 4),
(934, 9, 'checkbox', 918, 4),
(935, 9, 'checkbox', 918, 4),
(936, 9, 'checkbox', 918, 1),
(937, 9, 'checkbox', 919, 1),
(938, 9, 'checkbox', 919, 1),
(939, 9, 'fieldset', 0, 3),
(940, 9, 'fieldcontainer', 939, 0),
(941, 9, 'fieldcontainer', 939, 0),
(942, 9, 'fieldcontainer', 939, 0),
(943, 9, 'checkbox', 942, 0),
(944, 9, 'checkbox', 941, 4),
(945, 9, 'checkbox', 940, 4),
(946, 9, 'checkbox', 940, 2),
(947, 9, 'checkbox', 940, 3),
(948, 9, 'checkbox', 941, 2),
(949, 9, 'checkbox', 940, 1),
(950, 9, 'checkbox', 941, 1),
(951, 9, 'checkbox', 940, 4),
(952, 9, 'checkbox', 941, 3),
(953, 9, 'checkbox', 941, 4),
(954, 9, 'fieldset', 0, 6),
(955, 9, 'fieldcontainer', 954, 0),
(956, 9, 'fieldcontainer', 954, 0),
(957, 9, 'fieldcontainer', 954, 0),
(958, 9, 'checkbox', 955, 4),
(959, 9, 'checkbox', 956, 4),
(960, 9, 'checkbox', 957, 1),
(961, 9, 'checkbox', 956, 1),
(962, 9, 'checkbox', 957, 1),
(963, 9, 'checkbox', 956, 2),
(964, 9, 'checkbox', 955, 0),
(965, 9, 'checkbox', 956, 3),
(966, 9, 'checkbox', 955, 1),
(967, 9, 'checkbox', 956, 4),
(968, 9, 'checkbox', 955, 2),
(969, 9, 'checkbox', 955, 3),
(970, 9, 'fieldset', 0, 7),
(971, 9, 'fieldcontainer', 970, 0),
(972, 9, 'fieldcontainer', 970, 0),
(973, 9, 'fieldcontainer', 970, 0),
(974, 9, 'fieldcontainer', 970, 0),
(975, 9, 'checkbox', 974, 2),
(976, 9, 'checkbox', 973, 4),
(977, 9, 'checkbox', 972, 4),
(978, 9, 'checkbox', 971, 4),
(979, 9, 'checkbox', 974, 1),
(980, 9, 'checkbox', 973, 1),
(981, 9, 'checkbox', 972, 1),
(982, 9, 'checkbox', 971, 1),
(983, 9, 'checkbox', 974, 2),
(984, 9, 'checkbox', 973, 2),
(985, 9, 'checkbox', 972, 2),
(986, 9, 'checkbox', 971, 2),
(987, 9, 'checkbox', 973, 3),
(988, 9, 'checkbox', 972, 3),
(989, 9, 'checkbox', 971, 3),
(990, 9, 'checkbox', 973, 4),
(991, 9, 'checkbox', 972, 4),
(992, 9, 'checkbox', 971, 4),
(993, 9, 'fieldset', 0, 8),
(994, 9, 'fieldcontainer', 993, 0),
(995, 9, 'fieldcontainer', 993, 0),
(996, 9, 'fieldcontainer', 993, 0),
(997, 9, 'fieldcontainer', 993, 0),
(999, 9, 'checkbox', 997, 4),
(1000, 9, 'checkbox', 996, 4),
(1001, 9, 'checkbox', 995, 4),
(1002, 9, 'checkbox', 996, 1),
(1003, 9, 'checkbox', 994, 1),
(1004, 9, 'checkbox', 997, 1),
(1005, 9, 'checkbox', 997, 2),
(1006, 9, 'checkbox', 996, 3),
(1007, 9, 'checkbox', 995, 3),
(1008, 9, 'checkbox', 994, 1),
(1009, 9, 'checkbox', 997, 3),
(1010, 9, 'checkbox', 996, 2),
(1011, 9, 'checkbox', 995, 2),
(1012, 9, 'checkbox', 995, 1),
(1013, 9, 'checkbox', 994, 3),
(1014, 9, 'checkbox', 994, 2),
(1015, 9, 'checkbox', 997, 4),
(1016, 9, 'checkbox', 996, 4),
(1017, 9, 'checkbox', 995, 4),
(1018, 9, 'checkbox', 994, 4),
(1020, 4, 'mitos.datetime', 0, NULL),
(1022, 4, 'displayfield', 0, 21),
(1119, 1, 'textfield', 114, 0),
(1120, 1, 'combobox', 95, 5),
(1121, 1, 'combobox', 95, 4),
(1122, 1, 'combobox', 95, 6),
(1123, 10, 'fieldcontainer', 0, NULL),
(1124, 10, 'checkbox', 0, 1),
(1125, 10, 'checkbox', 1123, NULL),
(1126, 10, 'textfield', 1123, 1),
(1127, 10, 'checkbox', 0, 2),
(1128, 10, 'datefield', 0, 3),
(1129, 10, 'fieldcontainer', 0, 4),
(1130, 10, 'datefield', 1129, 1),
(1131, 10, 'datefield', 1129, 1),
(1132, 10, 'fieldcontainer', 0, 5),
(1133, 10, 'datefield', 1132, 1),
(1134, 10, 'datefield', 1132, 1),
(1135, 10, 'fieldcontainer', 0, 6),
(1136, 10, 'checkbox', 1135, 1),
(1137, 10, 'textfield', 1135, 1),
(1138, 10, 'fieldcontainer', 0, 7),
(1139, 10, 'textfield', 1138, NULL),
(1140, 10, 'textfield', 1138, 1),
(1141, 10, 'textfield', 0, 8),
(1142, 10, 'checkbox', 0, 9),
(1143, 10, 'textareafield', 0, 10),
(1144, 1, 'fieldcontainer', 108, 0),
(1145, 1, 'fieldcontainer', 108, 0),
(1146, 11, 'combobox', 1245, NULL),
(1148, 11, 'datefield', 1177, NULL),
(1150, 11, 'textfield', 1178, 1),
(1151, 11, 'fieldcontainer', 0, 4),
(1152, 11, 'combobox', 1151, NULL),
(1153, 11, 'textfield', 1151, 1),
(1154, 11, 'textfield', 1151, 2),
(1155, 11, 'textfield', 1151, 3),
(1156, 11, 'fieldcontainer', 0, 7),
(1157, 11, 'fieldcontainer', 0, 8),
(1158, 11, 'fieldcontainer', 0, 6),
(1159, 11, 'textfield', 1156, 0),
(1160, 11, 'combobox', 1258, NULL),
(1161, 11, 'textfield', 1157, NULL),
(1162, 11, 'combobox', 1157, 1),
(1163, 11, 'combobox', 1157, 2),
(1164, 11, 'textfield', 1157, 3),
(1165, 11, 'textfield', 1158, NULL),
(1166, 11, 'fieldcontainer', 0, 9),
(1169, 11, 'textfield', 1166, NULL),
(1175, 11, 'datefield', 1258, 1),
(1176, 11, 'textfield', 1158, 1),
(1177, 11, 'fieldcontainer', 0, 1),
(1178, 11, 'fieldcontainer', 0, 2),
(1180, 11, 'combobox', 1245, 1),
(1181, 4, 'displayfield', 0, 20),
(1182, 8, 'fieldset', 0, 16),
(1183, 8, 'textareafield', 1182, NULL),
(1185, 2, 'datefield', 0, NULL),
(1186, 2, 'combobox', 0, 1),
(1187, 2, 'checkbox', 0, 2),
(1188, 2, 'textareafield', 0, 3),
(1189, 1, 'fieldcontainer', 95, 3),
(1190, 1, 'combobox', 1189, 1),
(1191, 1, 'datefield', 1189, 2),
(1192, 1, 'fieldcontainer', 95, NULL),
(1193, 1, 'textfield', 1192, 1),
(1194, 1, 'fieldset', 0, 1),
(1195, 1, 'textfield', 1204, 1),
(1196, 1, 'checkbox', 1202, NULL),
(1197, 1, 'numberfield', 1202, 1),
(1198, 1, 'combobox', 1205, 2),
(1199, 1, 'combobox', 1204, 4),
(1200, 1, 'mitos.datetime', 1204, 5),
(1201, 1, 'textfield', 1204, NULL),
(1202, 1, 'fieldcontainer', 1204, 3),
(1203, 1, 'combobox', 1204, 2),
(1204, 1, 'fieldcontainer', 1194, NULL),
(1205, 1, 'fieldcontainer', 1194, 1),
(1206, 1, 'combobox', 1205, 1),
(1207, 1, 'combobox', 1205, NULL),
(1208, 12, 'checkboxwithfamilyhistory', 1211, 1),
(1209, 12, 'checkboxwithfamilyhistory', 1211, 2),
(1210, 12, 'checkboxwithfamilyhistory', 1211, NULL),
(1211, 12, 'fieldset', 0, 3),
(1212, 12, 'fieldset', 0, NULL),
(1213, 12, 'checkboxwithfamilyhistory', 1212, NULL),
(1214, 12, 'checkboxwithfamilyhistory', 1212, 1),
(1215, 12, 'checkboxwithfamilyhistory', 1212, 2),
(1216, 12, 'checkboxwithfamilyhistory', 1212, 3),
(1217, 12, 'checkboxwithfamilyhistory', 1212, 4),
(1218, 12, 'checkboxwithfamilyhistory', 1212, 5),
(1219, 12, 'checkboxwithfamilyhistory', 1212, 6),
(1220, 12, 'checkboxwithfamilyhistory', 1212, 7),
(1221, 12, 'checkboxwithfamilyhistory', 1212, 8),
(1222, 12, 'fieldset', 0, 2),
(1223, 12, 'checkboxwithfamilyhistory', 1222, NULL),
(1224, 12, 'checkboxwithfamilyhistory', 1222, 1),
(1225, 12, 'checkboxwithfamilyhistory', 1222, 2),
(1226, 12, 'checkboxwithfamilyhistory', 1222, 3),
(1227, 12, 'checkboxwithfamilyhistory', 1222, 4),
(1228, 12, 'checkboxwithfamilyhistory', 1222, 5),
(1229, 12, 'fieldset', 0, 3),
(1230, 12, 'checkboxwithfamilyhistory', 1229, NULL),
(1231, 12, 'checkboxwithfamilyhistory', 1229, 1),
(1232, 12, 'checkboxwithfamilyhistory', 1229, 2),
(1233, 12, 'checkboxwithfamilyhistory', 1229, 3),
(1234, 12, 'checkboxwithfamilyhistory', 1229, 4),
(1235, 12, 'checkboxwithfamilyhistory', 1229, 5),
(1236, 12, 'fieldset', 0, 4),
(1237, 12, 'checkboxwithfamilyhistory', 1236, NULL),
(1238, 12, 'checkboxwithfamilyhistory', 1236, 1),
(1239, 12, 'checkboxwithfamilyhistory', 1236, 2),
(1240, 12, 'checkboxwithfamilyhistory', 1236, 3),
(1241, 12, 'fieldset', 0, 5),
(1242, 12, 'checkboxwithfamilyhistory', 1241, NULL),
(1243, 12, 'checkboxwithfamilyhistory', 1241, 1),
(1244, 12, 'checkboxwithfamilyhistory', 1241, 2),
(1245, 11, 'fieldcontainer', 0, NULL),
(1246, 11, 'datefield', 1177, 1),
(1247, 11, 'textareafield', 0, 10),
(1248, 5, 'combobox', 189, NULL),
(1249, 1, 'textfield', 1144, 1),
(1250, 1, 'fieldcontainer', 1144, 5),
(1251, 1, 'textfield', 1250, 1),
(1252, 5, 'combobox', 189, 4),
(1253, 5, 'combobox', 189, 5),
(1254, 5, 'combobox', 189, 1),
(1255, 11, 'fieldcontainer', 0, 3),
(1256, 11, 'textfield', 1255, NULL),
(1257, 11, 'textfield', 1255, 1),
(1258, 11, 'fieldcontainer', 0, 5),
(1259, 11, 'combobox', 1258, 2),
(1260, 11, 'textfield', 1178, NULL);

INSERT INTO `forms_field_options` (`id`, `field_id`, `options`) VALUES
(1, '95', '{"title":"Who","hideLabel":false,"collapsible":true,"checkboxToggle":false,"collapsed":false,"action":"DemographicWhoFieldSet"}'),
(2, '96', '{"fieldLabel":"Full Name","labelWidth":149,"hideLabel":false,"layout":"hbox","width":660,"collapsible":false,"checkboxToggle":false,"collapsed":false}'),
(3, '97', '{"fieldLabel":"Title","emptyText":"Title","hideLabel":true,"width":70,"margin":"0 5 0 0","name":"title","list_id":22}'),
(4, '98', '{"fieldLabel":"First Name","emptyText":"First Name","hideLabel":true,"width":100,"margin":"0 5 0 0","allowBlank":false,"maxLength":35,"name":"fname"}'),
(5, '99', '{"fieldLabel":"Middle Name","emptyText":"Middle Name","hideLabel":true,"width":100,"margin":"0 5 0 0","maxLength":35,"name":"mname"}'),
(6, '100', '{"fieldLabel":"Last Name","emptyText":"Last Name","hideLabel":true,"width":215,"margin":"0 5 0 0","collapsible":false,"checkboxToggle":false,"collapsed":false,"allowBlank":false,"maxLength":35,"name":"lname"}'),
(7, '101', '{"fieldLabel":"Sex\\/DOB\\/Status\\/S.S.","labelWidth":149,"hideLabel":false,"layout":"hbox","width":660,"collapsible":false,"checkboxToggle":false,"collapsed":false}'),
(8, '102', '{"fieldLabel":"Sex","hideLabel":true,"emptyText":"Sex","name":"sex","width":70,"margin":"0 5 0 0","allowBlank":false,"list_id":95}'),
(9, '103', '{"fieldLabel":"DOB","emptyText":"DOB","labelWidth":30,"hideLabel":true,"width":205,"margin":"0 5 0 0","allowBlank":false,"name":"DOB","collapsible":false,"checkboxToggle":false,"collapsed":false}'),
(10, '104', '{"fieldLabel":"Marital Status","emptyText":"Marital Status","hideLabel":true,"width":110,"margin":"0 5 0 0","name":"marital_status","list_id":12,"collapsible":false,"checkboxToggle":false,"collapsed":false}'),
(11, '105', '{"fieldLabel":"Social Security","hideLabel":true,"emptyText":"Social Security","name":"SS","width":100,"margin":"0 5 0 0"}'),
(12, '106', '{"fieldLabel":"External Rec#","emptyText":"External Rec#","labelWidth":149,"hideLabel":true,"width":175,"margin":"0 5 0 0","name":"pubpid"}'),
(13, '107', '{"fieldLabel":"Driver Lic.","emptyText":"Driver License","labelWidth":149,"hideLabel":true,"width":175,"margin":"0 5 0 0","name":"drivers_license"}'),
(14, '108', '{"title":"Contact","hideLabel":false,"layout":"column","collapsible":true,"checkboxToggle":false,"collapsed":false}'),
(16, '110', '{"fieldLabel":"Street","emptyText":"Street","labelWidth":149,"hideLabel":false,"width":530,"margin":"0 5 5 0","collapsible":false,"checkboxToggle":false,"collapsed":false,"maxLength":35,"name":"address"}'),
(17, '111', '{"fieldLabel":"City","emptyText":"City","hideLabel":true,"width":80,"margin":"0 5 0 0","maxLength":35,"name":"city"}'),
(18, '112', '{"margin":"0 5 0 0","width":130,"name":"state","emptyText":"State","hideLabel":true,"fieldLabel":"state","list_id":20}'),
(19, '113', '{"width":70,"name":"country","emptyText":"Country","hideLabel":true,"fieldLabel":"Country","margin":"0 5 0 0","list_id":3}'),
(20, '114', '{"fieldLabel":"Address Cont.","labelWidth":149,"hideLabel":true,"layout":"hbox","width":559,"margin":"5 5 5 154","collapsible":false,"checkboxToggle":false,"collapsed":false}'),
(21, '115', '{"fieldLabel":"Home Phone","emptyText":"000-000-0000","labelWidth":149,"hideLabel":false,"margin":"0 5 5 0","collapsible":false,"checkboxToggle":false,"collapsed":false,"name":"home_phone"}'),
(22, '116', '{"fieldLabel":"Mobile Phone","emptyText":"000-000-0000","labelWidth":149,"hideLabel":false,"margin":"0 5 5 0","collapsible":false,"checkboxToggle":false,"collapsed":false,"name":"mobile_phone"}'),
(23, '117', '{"fieldLabel":"Work Phone","emptyText":"000-000-0000","hideLabel":true,"margin":"0 5 5 0","collapsible":false,"checkboxToggle":false,"collapsed":false,"name":"work_phone"}'),
(24, '118', '{"fieldLabel":"Email","emptyText":"example@example.com","labelWidth":149,"hideLabel":false,"width":379,"margin":"0 5 5 0","maxLength":80,"name":"email"}'),
(25, '119', '{"fieldLabel":"Mother`s Name","emptyText":"Mother`s Name","labelWidth":149,"hideLabel":false,"width":380,"margin":"0 5 5 0","collapsible":false,"checkboxToggle":false,"collapsed":false,"name":"mothers_name"}'),
(26, '120', '{"fieldLabel":"Guardian`s Name","emptyText":"Guardian`s Name","labelWidth":149,"hideLabel":false,"width":380,"margin":"0 5 5 0","name":"guardians_name","collapsible":false,"checkboxToggle":false,"collapsed":false}'),
(27, '121', '{"fieldLabel":"Emergency Contact","emptyText":"Emergency Contact Name","labelWidth":149,"hideLabel":false,"width":380,"margin":"0 5 5 0","name":"emer_contact","collapsible":false,"checkboxToggle":false,"collapsed":false}'),
(28, '122', '{"fieldLabel":"Emergency Phone","emptyText":"000-000-0000","labelWidth":149,"hideLabel":false,"width":380,"margin":"0 5 5 0","name":"emer_phone","collapsible":false,"checkboxToggle":false,"collapsed":false}'),
(29, '123', '{"title":"Choices","hideLabel":false,"layout":"vbox","collapsible":true,"checkboxToggle":false,"collapsed":false}'),
(30, '124', '{"fieldLabel":"Provider","labelWidth":149,"hideLabel":false,"margin":"0 5 5 0","name":"provider","list_id":"activeProviders"}'),
(31, '125', '{"fieldLabel":"Pharmacy","labelWidth":149,"hideLabel":false,"margin":"0 5 5 0","name":"pharmacy","list_id":"activePharmacies"}'),
(32, '126', '{"fieldLabel":"HIPAA Notice","labelWidth":149,"hideLabel":false,"margin":"0 5 5 0","name":"hipaa_notice","list_id":1}'),
(34, '128', '{"fieldLabel":"Allow line 1","hideLabel":true,"layout":"hbox","margin":"20 0 0 0"}'),
(35, '129', '{"fieldLabel":"Allow Voice Msg","labelWidth":149,"hideLabel":false,"width":200,"margin":"0 5 0 0","boxLabel":" ","name":"allow_voice_msg"}'),
(36, '130', '{"fieldLabel":"Allow Mail Msg","hideLabel":false,"name":"allow_mail_msg","width":150,"margin":"0 5 0 0"}'),
(37, '131', '{"fieldLabel":"Allow line 2","hideLabel":true,"layout":"hbox"}'),
(38, '132', '{"fieldLabel":"Allow SMS","labelWidth":149,"hideLabel":false,"width":200,"margin":"0 5 0 0","boxLabel":" ","name":"allow_sms"}'),
(39, '133', '{"fieldLabel":"Allow Email","hideLabel":false,"name":"allow_email","width":150,"margin":"0 5 0 0"}'),
(40, '134', '{"fieldLabel":"Allow Immunization Registry Use","labelWidth":190,"hideLabel":false,"name":"allow_immunization_registry","width":240,"margin":"0 5 0 0"}'),
(41, '135', '{"fieldLabel":"Allow Immunization Info Sharing","labelWidth":190,"hideLabel":false,"name":"allow_immunization_info_sharing","width":240,"margin":"0 5 0 0"}'),
(42, '136', '{"margin":"0 5 0 0","name":"allow_health_info_exchange","labelWidth":200,"fieldLabel":"Allow Health Information Exchange"}'),
(43, '137', '{"fieldLabel":"Allow Patient Web Portal","labelWidth":200,"hideLabel":false,"name":"allow_patient_web_portal","margin":"0 5 0 0"}'),
(44, '138', '{"title":"Employer","hideLabel":false,"collapsible":true,"checkboxToggle":false,"collapsed":false}'),
(45, '139', '{"fieldLabel":"Occupation","labelWidth":149,"hideLabel":false,"emptyText":"Occupation","name":"occupation","width":350,"margin":"0 5 5 0"}'),
(46, '140', '{"fieldLabel":"Employer Name","labelWidth":149,"hideLabel":false,"emptyText":"Employer Name","name":"employer_name","width":350,"margin":"0 5 5 0"}'),
(47, '141', '{"fieldLabel":"Employer Address","labelWidth":149,"hideLabel":false,"emptyText":"Street","name":"employer_address","width":609,"margin":"0 5 5 0"}'),
(48, '142', '{"fieldLabel":"Employer Address Cont.","labelWidth":149,"hideLabel":false,"layout":"hbox","width":609}'),
(49, '143', '{"fieldLabel":"City","hideLabel":true,"emptyText":"City","name":"employer_city","width":130,"margin":"0 5 5 0"}'),
(50, '144', '{"margin":"0 5 5 0","width":130,"name":"employer_state","emptyText":"State","hideLabel":true,"fieldLabel":"State","list_id":20}'),
(51, '145', '{"fieldLabel":"Country","hideLabel":true,"emptyText":"Country","name":"employer_country","width":100,"margin":"0 5 5 0","list_id":3}'),
(52, '146', '{"fieldLabel":"Postal Code","hideLabel":true,"emptyText":"Zip Code","name":"employer_postal_code","width":80,"margin":"0 5 5 0"}'),
(54, '149', '{"fieldLabel":"Weight (lbs\\/oz)","labelWidth":150,"hideLabel":false,"margin":0,"collapsible":false,"checkboxToggle":false,"collapsed":false,"name":"weight_lbs"}'),
(56, '152', '{"fieldLabel":"Weight (kg)","labelWidth":150,"margin":0,"name":"weight_kg","hideLabel":false,"collapsible":false,"checkboxToggle":false,"collapsed":false}'),
(74, '170', '{"fieldLabel":"Height (in)","labelWidth":150,"margin":0,"name":"height_in","hideLabel":false,"collapsible":false,"checkboxToggle":false,"collapsed":false}'),
(75, '171', '{"fieldLabel":"Height (cm)","labelWidth":150,"margin":0,"name":"height_cm","hideLabel":false,"collapsible":false,"checkboxToggle":false,"collapsed":false}'),
(76, '172', '{"fieldLabel":"BP Systolic (mmHg)","labelWidth":150,"margin":0,"name":"bp_systolic","hideLabel":false,"collapsible":false,"checkboxToggle":false,"collapsed":false}'),
(77, '173', '{"fieldLabel":"BP Diastolic (mmHg)","labelWidth":150,"margin":0,"name":"bp_diastolic","hideLabel":false,"collapsible":false,"checkboxToggle":false,"collapsed":false}'),
(78, '174', '{"fieldLabel":"Pulse (per min)","labelWidth":150,"margin":0,"name":"pulse","hideLabel":false,"collapsible":false,"checkboxToggle":false,"collapsed":false}'),
(79, '175', '{"fieldLabel":"Respiration (per min)","labelWidth":150,"margin":0,"name":"respiration","hideLabel":false,"collapsible":false,"checkboxToggle":false,"collapsed":false}'),
(80, '176', '{"fieldLabel":"Temperature (F)","labelWidth":150,"margin":0,"name":"temp_f","hideLabel":false,"collapsible":false,"checkboxToggle":false,"collapsed":false}'),
(81, '177', '{"fieldLabel":"Temperature (C)","labelWidth":150,"margin":0,"name":"temp_c","hideLabel":false,"collapsible":false,"checkboxToggle":false,"collapsed":false}'),
(82, '178', '{"fieldLabel":"Temp Location","labelWidth":150,"margin":0,"name":"temp_location","list_id":62,"hideLabel":false,"collapsible":false,"checkboxToggle":false,"collapsed":false}'),
(83, '179', '{"fieldLabel":"Oxygen Saturation %","labelWidth":150,"margin":0,"name":"oxygen_saturation","hideLabel":false,"collapsible":false,"checkboxToggle":false,"collapsed":false}'),
(84, '180', '{"fieldLabel":"Head Circumference (in)","labelWidth":150,"margin":0,"name":"head_circumference_in","hideLabel":false,"collapsible":false,"checkboxToggle":false,"collapsed":false}'),
(85, '181', '{"fieldLabel":"Head Circumference (cm)","labelWidth":150,"margin":0,"name":"head_circumference_cm","hideLabel":false,"collapsible":false,"checkboxToggle":false,"collapsed":false}'),
(86, '182', '{"fieldLabel":"Waist Circumference (in)","labelWidth":150,"margin":0,"name":"waist_circumference_in","hideLabel":false,"collapsible":false,"checkboxToggle":false,"collapsed":false}'),
(87, '183', '{"fieldLabel":"Waist Circumference (cm)","labelWidth":150,"margin":0,"name":"waist_circumference_cm","hideLabel":false,"collapsible":false,"checkboxToggle":false,"collapsed":false}'),
(88, '184', '{"fieldLabel":"BMI (kg\\/m^2)","labelWidth":150,"margin":0,"name":"bmi","hideLabel":false,"collapsible":false,"checkboxToggle":false,"collapsed":false}'),
(89, '185', '{"fieldLabel":"BMI Status Type","labelWidth":150,"margin":0,"name":"bmi_status","hideLabel":false,"collapsible":false,"checkboxToggle":false,"collapsed":false}'),
(90, '186', '{"fieldLabel":"Other Notes","labelWidth":150,"margin":0,"name":"other_notes","hideLabel":false,"collapsible":false,"checkboxToggle":false,"collapsed":false}'),
(91, '187', '{"fieldLabel":"Main Container For Column Layout","hideLabel":true,"layout":"column"}'),
(92, '188', '{"fieldLabel":"Left Column","hideLabel":true,"layout":"anchor","collapsible":false,"checkboxToggle":false,"collapsed":false}'),
(93, '189', '{"fieldLabel":"Right Column","hideLabel":true,"layout":"anchor","collapsible":false,"checkboxToggle":false,"collapsed":false}'),
(94, '190', '{"fieldLabel":"Chief Complaint","emptyText":"Chief Complaint (Please Type a Brief Description)","hideLabel":true,"width":300,"height":157,"margin":"0 10 0 0","grow":false,"name":"brief_description"}'),
(95, '191', '{"fieldLabel":"Visit Category","labelWidth":100,"hideLabel":false,"width":300,"margin":"0 5 5 0","collapsible":false,"checkboxToggle":false,"collapsed":false,"name":"visit_category","list_id":91}'),
(98, '194', '{"fieldLabel":"Priority","labelWidth":120,"hideLabel":false,"width":310,"margin":"0 5 5 0","collapsible":false,"checkboxToggle":false,"collapsed":false,"name":"priority","list_id":94}'),
(99, '195', '{"fieldLabel":"Date of Service","labelWidth":100,"hideLabel":false,"width":300,"margin":"0 5 5 0","collapsible":false,"checkboxToggle":false,"collapsed":false,"name":"service_date"}'),
(100, '196', '{"fieldLabel":"Onset \\/ Hosp. Date","labelWidth":120,"hideLabel":false,"width":310,"margin":"0 5 5 0","collapsible":false,"checkboxToggle":false,"collapsed":false,"name":"onset_date"}'),
(102, '198', '{"title":"Subjective","hideLabel":false,"collapsible":false,"checkboxToggle":false,"collapsed":false}'),
(103, '199', '{"title":"Objective","hideLabel":false,"collapsible":false,"checkboxToggle":false,"collapsed":false}'),
(104, '200', '{"title":"Assessment","hideLabel":false,"collapsible":false,"checkboxToggle":false,"collapsed":false}'),
(105, '201', '{"title":"Plan","hideLabel":false,"collapsible":false,"checkboxToggle":false,"collapsed":false}'),
(106, '202', '{"growMin":90,"grow":true,"margin":"10 5 15 5","anchor":"100%","hideLabel":true,"name":"subjective","fieldLabel":"Subjective"}'),
(107, '203', '{"grow":true,"margin":"10 5 15 5","anchor":"100%","name":"objective","hideLabel":true,"fieldLabel":"Objective","growMin":90}'),
(108, '204', '{"grow":true,"growMin":90,"margin":"10 5 15 5","hideLabel":true,"name":"assessment","anchor":"100%","fieldLabel":"Assessment"}'),
(110, '206', '{"title":"Dictation","hideLabel":false,"collapsible":false,"checkboxToggle":false,"collapsed":false}'),
(111, '207', '{"title":"Additional Notes","hideLabel":false,"collapsible":false,"checkboxToggle":false,"collapsed":false}'),
(112, '208', '{"growMin":200,"grow":true,"name":"dictation","anchor":"100%","margin":"10 5 15 5","hideLabel":true,"fieldLabel":"Dictation"}'),
(113, '209', '{"name":"additional_notes","hideLabel":true,"fieldLabel":"Additional Notes","anchor":"100%","margin":"10 5 15 5","grow":true}'),
(120, '218', '{"fieldLabel":"Weight Change","hideLabel":true,"width":200,"boxLabel":"Weight Change","name":"weight_change"}'),
(125, '223', '{"fieldLabel":"Weakness","hideLabel":true,"width":200,"boxLabel":"Weakness","name":"cons_weakness"}'),
(129, '227', '{"fieldLabel":"Fatigue","hideLabel":true,"width":200,"boxLabel":"Fatigue","name":"fatigue"}'),
(132, '230', '{"fieldLabel":"Anorexia","hideLabel":true,"width":200,"boxLabel":"Anorexia","name":"anorexia"}'),
(136, '234', '{"fieldLabel":"Fever","hideLabel":true,"width":200,"boxLabel":"Fever","name":"fever"}'),
(140, '238', '{"fieldLabel":"Chills","hideLabel":true,"width":200,"boxLabel":"Chills","name":"chills"}'),
(144, '242', '{"fieldLabel":"Night Sweats","hideLabel":true,"width":200,"boxLabel":"Night Sweats","name":"night_sweats"}'),
(148, '246', '{"fieldLabel":"Insomnia","hideLabel":true,"width":200,"boxLabel":"Insomnia","name":"insomnia"}'),
(152, '250', '{"fieldLabel":"Irritability","hideLabel":true,"width":200,"boxLabel":"Irritability","name":"irritability"}'),
(156, '254', '{"fieldLabel":"Heat or Cold","hideLabel":true,"width":200,"boxLabel":"Heat or Cold","name":"heat_or_cold"}'),
(160, '258', '{"fieldLabel":"Intolerance","hideLabel":true,"width":200,"boxLabel":"Intolerance","name":"intolerance"}'),
(166, '283', '{"fieldLabel":"Change in Vision","hideLabel":true,"width":200,"boxLabel":"Change in Vision","name":"change_in_vision"}'),
(170, '287', '{"fieldLabel":"Eye Pain","hideLabel":true,"width":200,"boxLabel":"Eye Pain","name":"eye_pain"}'),
(174, '291', '{"fieldLabel":"History of Glaucoma","hideLabel":true,"width":200,"boxLabel":"History of Glaucoma","name":"family_history_of_glaucoma"}'),
(180, '298', '{"fieldLabel":"Irritation","hideLabel":true,"width":200,"boxLabel":"Irritation","name":"irritation"}'),
(184, '302', '{"fieldLabel":"Redness","hideLabel":true,"width":200,"boxLabel":"Redness","name":"redness"}'),
(188, '306', '{"fieldLabel":"Excessive Tearing","hideLabel":true,"width":200,"boxLabel":"Excessive Tearing","name":"excessive_tearing"}'),
(192, '311', '{"fieldLabel":"Double Vision","hideLabel":true,"width":200,"boxLabel":"Double Vision","name":"double_vision"}'),
(196, '315', '{"fieldLabel":"Blind Spots","hideLabel":true,"width":200,"boxLabel":"Blind Spots","name":"blind_spots"}'),
(200, '319', '{"fieldLabel":"Photophobia","hideLabel":true,"width":200,"boxLabel":"Photophobia","name":"photophobia"}'),
(211, '330', '{"fieldLabel":"Hearing Loss","hideLabel":true,"width":200,"boxLabel":"Hearing Loss","name":"hearing_loss"}'),
(215, '334', '{"fieldLabel":"Discharge","hideLabel":true,"width":200,"boxLabel":"Discharge","name":"discharge"}'),
(219, '338', '{"fieldLabel":"Pain","hideLabel":true,"width":200,"boxLabel":"Pain","name":"pain"}'),
(223, '343', '{"fieldLabel":"Vertigo","hideLabel":true,"width":200,"boxLabel":"Vertigo","name":"vertigo"}'),
(227, '347', '{"fieldLabel":"Tinnitus","hideLabel":true,"width":200,"boxLabel":"Tinnitus","name":"tinnitus"}'),
(231, '351', '{"fieldLabel":"Frequent Colds","hideLabel":true,"width":200,"boxLabel":"Frequent Colds","name":"frequent_colds"}'),
(235, '355', '{"fieldLabel":"Sore Throat","hideLabel":true,"width":200,"boxLabel":"Sore Throat","name":"sore_throat"}'),
(239, '360', '{"fieldLabel":"Sinus Problems","hideLabel":true,"width":200,"boxLabel":"Sinus Problems","name":"sinus_problems"}'),
(243, '364', '{"fieldLabel":"Post Nasal Drip","hideLabel":true,"width":200,"boxLabel":"Post Nasal Drip","name":"post_nasal_drip"}'),
(247, '368', '{"fieldLabel":"Nosebleed","hideLabel":true,"width":200,"boxLabel":"Nosebleed","name":"nosebleed"}'),
(251, '372', '{"fieldLabel":"Snoring","hideLabel":true,"width":200,"boxLabel":"Snoring","name":"snoring"}'),
(255, '376', '{"fieldLabel":"Apnea","hideLabel":true,"width":200,"boxLabel":"Apnea","name":"apnea"}'),
(261, '382', '{"fieldLabel":"Breast Mass","hideLabel":true,"width":200,"boxLabel":"Breast Mass","name":"breast_mass"}'),
(265, '386', '{"fieldLabel":"Brest Discharge","hideLabel":true,"width":200,"boxLabel":"Brest Discharge","name":"brest_discharge"}'),
(269, '390', '{"fieldLabel":"Abnormal Mammogram","hideLabel":true,"width":200,"boxLabel":"Abnormal Mammogram","name":"abnormal_mammogram"}'),
(273, '394', '{"fieldLabel":"Biopsy","hideLabel":true,"width":200,"boxLabel":"Biopsy","name":"biopsy"}'),
(280, '402', '{"fieldLabel":"Cough","hideLabel":true,"width":200,"boxLabel":"Cough","name":"cough"}'),
(284, '406', '{"fieldLabel":"Sputum","hideLabel":true,"width":200,"boxLabel":"Sputum","name":"sputum"}'),
(288, '411', '{"fieldLabel":"Shortness of Breath","hideLabel":true,"width":200,"boxLabel":"Shortness of Breath","name":"shortness_of_breath"}'),
(292, '416', '{"fieldLabel":"Wheezing","hideLabel":true,"width":200,"boxLabel":"Wheezing","name":"wheezing"}'),
(296, '420', '{"fieldLabel":"Hemoptysis","hideLabel":true,"width":200,"boxLabel":"Hemoptysis","name":"hemoptysis"}'),
(300, '424', '{"fieldLabel":"Asthma","hideLabel":true,"width":200,"boxLabel":"Asthma","name":"asthma"}'),
(304, '428', '{"fieldLabel":"COPD","hideLabel":true,"width":200,"boxLabel":"COPD","name":"copd"}'),
(310, '434', '{"fieldLabel":"Thyroid Problems","hideLabel":true,"width":200,"boxLabel":"Thyroid Problems","name":"thyroid_problems"}'),
(314, '439', '{"fieldLabel":"Diabetes","hideLabel":true,"width":200,"boxLabel":"Diabetes","name":"diabetes"}'),
(318, '443', '{"fieldLabel":"Abnormal Blood Test","hideLabel":true,"width":200,"boxLabel":"Abnormal Blood Test","name":"abnormal_blood_test"}'),
(327, '452', '{"fieldLabel":"Chest Pain","hideLabel":true,"width":200,"boxLabel":"Chest Pain","name":"chest_pain"}'),
(331, '456', '{"fieldLabel":"Palpitation","hideLabel":true,"width":200,"boxLabel":"Palpitation","name":"palpitation"}'),
(335, '460', '{"fieldLabel":"Syncope","hideLabel":true,"width":200,"boxLabel":"Syncope","name":"syncope"}'),
(339, '464', '{"fieldLabel":"PND","hideLabel":true,"width":200,"boxLabel":"PND","name":"pnd"}'),
(343, '468', '{"fieldLabel":"DOE","hideLabel":true,"width":200,"boxLabel":"DOE","name":"doe"}'),
(347, '472', '{"fieldLabel":"Orthopnea","hideLabel":true,"width":200,"boxLabel":"Orthopnea","name":"orthopnea"}'),
(351, '476', '{"fieldLabel":"Peripheral","hideLabel":true,"width":200,"boxLabel":"Peripheral","name":"peripheral"}'),
(355, '480', '{"fieldLabel":"Edema","hideLabel":true,"width":200,"boxLabel":"Edema","name":"edema"}'),
(359, '484', '{"fieldLabel":"Leg Pain\\/Cramping","hideLabel":true,"width":200,"boxLabel":"Leg Pain\\/Cramping","name":"leg_pain_cramping"}'),
(363, '488', '{"fieldLabel":"Arrythmia","hideLabel":true,"width":200,"boxLabel":"Arrythmia","name":"arrythmia"}'),
(367, '492', '{"fieldLabel":"Heart Problem","hideLabel":true,"width":200,"boxLabel":"Heart Problem","name":"heart_problem"}'),
(371, '496', '{"fieldLabel":"History of Heart Murmur","hideLabel":true,"width":200,"boxLabel":"History of Heart Murmur","name":"history_of_heart_murmur"}'),
(379, '504', '{"fieldLabel":"Polyuria","hideLabel":true,"width":200,"boxLabel":"Polyuria","name":"polyuria"}'),
(383, '508', '{"fieldLabel":"Polydypsia","hideLabel":true,"width":200,"boxLabel":"Polydypsia","name":"polydypsia"}'),
(387, '512', '{"fieldLabel":"Dysuria","hideLabel":true,"width":200,"boxLabel":"Dysuria","name":"dysuria"}'),
(391, '516', '{"fieldLabel":"Hematuria","hideLabel":true,"width":200,"boxLabel":"Hematuria","name":"hematuria"}'),
(395, '520', '{"fieldLabel":"Frequency","hideLabel":true,"width":200,"boxLabel":"Frequency","name":"frequency"}'),
(399, '525', '{"fieldLabel":"Urgency","hideLabel":true,"width":200,"boxLabel":"Urgency","name":"urgency"}'),
(403, '529', '{"fieldLabel":"UTIs","hideLabel":true,"width":200,"boxLabel":"UTIs","name":"utis"}'),
(407, '533', '{"fieldLabel":"Incontinence","hideLabel":true,"width":200,"boxLabel":"Incontinence","name":"incontinence"}'),
(411, '537', '{"fieldLabel":"Renal Stones","hideLabel":true,"width":200,"boxLabel":"Renal Stones","name":"renal_stones"}'),
(418, '545', '{"fieldLabel":"Hesitancy","hideLabel":true,"width":200,"boxLabel":"Hesitancy","name":"hesitancy"}'),
(422, '549', '{"fieldLabel":"Dribbling","hideLabel":true,"width":200,"boxLabel":"Dribbling","name":"dribbling"}'),
(426, '553', '{"fieldLabel":"Stream","hideLabel":true,"width":200,"boxLabel":"Stream","name":"stream"}'),
(430, '558', '{"fieldLabel":"Nocturia","hideLabel":true,"width":200,"boxLabel":"Nocturia","name":"nocturia"}'),
(434, '562', '{"fieldLabel":"Erections","hideLabel":true,"width":200,"boxLabel":"Erections","name":"erections"}'),
(438, '566', '{"fieldLabel":"Ejaculations","hideLabel":true,"width":200,"boxLabel":"Ejaculations","name":"ejaculations"}'),
(445, '573', '{"fieldLabel":"Cancer","hideLabel":true,"width":200,"boxLabel":"Cancer","name":"cancer"}'),
(449, '577', '{"fieldLabel":"Psoriasis","hideLabel":true,"width":200,"boxLabel":"Psoriasis","name":"psoriasis"}'),
(453, '581', '{"fieldLabel":"Acne","hideLabel":true,"width":200,"boxLabel":"Acne","name":"acne"}'),
(457, '585', '{"fieldLabel":"Disease","hideLabel":true,"width":200,"boxLabel":"Disease","name":"disease"}'),
(461, '589', '{"fieldLabel":"Other","hideLabel":true,"width":200,"boxLabel":"Other","name":"other"}'),
(469, '597', '{"fieldLabel":"Anemia","hideLabel":true,"width":200,"boxLabel":"Anemia","name":"anemia"}'),
(473, '601', '{"fieldLabel":"HIV","hideLabel":true,"width":200,"boxLabel":"HIV","name":"hiv"}'),
(477, '605', '{"fieldLabel":"F\\/H Blood Problems","hideLabel":true,"width":200,"boxLabel":"F\\/H Blood Problems","name":"f_h_blood_problems"}'),
(481, '613', '{"fieldLabel":"HAI Status","hideLabel":true,"width":200,"boxLabel":"HAI Status","name":"hai_status"}'),
(484, '618', '{"fieldLabel":"Allergies","hideLabel":true,"width":200,"boxLabel":"Allergies","name":"allergies"}'),
(490, '624', '{"fieldLabel":"Bleeding Problems","hideLabel":true,"width":200,"boxLabel":"Bleeding Problems","name":"bleeding_problems"}'),
(493, '627', '{"fieldLabel":"Frequent Illness","hideLabel":true,"width":200,"boxLabel":"Frequent Illness","name":"frequent_illness"}'),
(496, '592', '{"title":"Hematologic\\/Allergic\\/Immunologic","hideLabel":false,"layout":"column","collapsible":false,"checkboxToggle":false,"collapsed":false}'),
(497, '431', '{"title":"Endocrine","hideLabel":false,"layout":"column","collapsible":false,"checkboxToggle":false,"collapsed":false}'),
(498, '569', '{"title":"Skin","hideLabel":false,"layout":"column","collapsible":false,"checkboxToggle":false,"collapsed":false}'),
(499, '540', '{"title":"Genitourinary Male","hideLabel":false,"layout":"column","collapsible":false,"checkboxToggle":false,"collapsed":false}'),
(500, '499', '{"title":"Genitourinary General","hideLabel":false,"layout":"column","collapsible":false,"checkboxToggle":false,"collapsed":false}'),
(501, '446', '{"title":"Cardiovascular","hideLabel":false,"layout":"column","collapsible":false,"checkboxToggle":false,"collapsed":false}'),
(502, '324', '{"title":"Respiratory","hideLabel":false,"layout":"column","collapsible":false,"checkboxToggle":false,"collapsed":false}'),
(517, '640', '{"fieldLabel":"Dysphagia","hideLabel":true,"width":200,"boxLabel":"Dysphagia","name":"dysphagia"}'),
(521, '644', '{"fieldLabel":"Heartburn","hideLabel":true,"width":200,"boxLabel":"Heartburn","name":"heartburn"}'),
(525, '648', '{"fieldLabel":"Food Intolerance","hideLabel":true,"width":200,"boxLabel":"Food Intolerance","name":"food_intolerance"}'),
(528, '651', '{"fieldLabel":"Belching","hideLabel":true,"width":200,"boxLabel":"Belching","name":"belching"}'),
(532, '655', '{"fieldLabel":"Bloating","hideLabel":true,"width":200,"boxLabel":"Bloating","name":"bloating"}'),
(536, '659', '{"fieldLabel":"Flatulence","hideLabel":true,"width":200,"boxLabel":"Flatulence","name":"flatulence"}'),
(540, '663', '{"fieldLabel":"Nausea","hideLabel":true,"width":200,"boxLabel":"Nausea","name":"nausea"}'),
(544, '667', '{"fieldLabel":"Vomiting","hideLabel":true,"width":200,"boxLabel":"Vomiting","name":"vomiting"}'),
(548, '671', '{"fieldLabel":"Pain","hideLabel":true,"width":200,"boxLabel":"Pain","name":"pain"}'),
(553, '676', '{"fieldLabel":"Jaundice","hideLabel":true,"width":200,"boxLabel":"Jaundice","name":"jaundice"}'),
(557, '680', '{"fieldLabel":"H\\/O Hepatitis","hideLabel":true,"width":200,"boxLabel":"H\\/O Hepatitis","name":"h_o_hepatitis"}'),
(561, '684', '{"fieldLabel":"Hematemesis","hideLabel":true,"width":200,"boxLabel":"Hematemesis","name":"hematemesis"}'),
(565, '688', '{"fieldLabel":"Diarrhea","hideLabel":true,"width":200,"boxLabel":"Diarrhea","name":"diarrhea"}'),
(569, '692', '{"fieldLabel":"Hematochezia","hideLabel":true,"width":200,"boxLabel":"Hematochezia","name":"hematochezia"}'),
(574, '697', '{"fieldLabel":"Changed Bowel","hideLabel":true,"width":200,"boxLabel":"Changed Bowel","name":"changed_bowel"}'),
(578, '701', '{"fieldLabel":"Constipation","hideLabel":true,"width":200,"boxLabel":"Constipation","name":"constipation"}'),
(612, '631', '{"title":"Gastrointestinal","hideLabel":false,"layout":"column","collapsible":false,"checkboxToggle":false,"collapsed":false}'),
(619, '710', '{"fieldLabel":"Female G","hideLabel":true,"width":200,"boxLabel":"Female G","name":"female_g"}'),
(623, '714', '{"fieldLabel":"Female P","hideLabel":true,"width":200,"boxLabel":"Female P","name":"female_p"}'),
(627, '718', '{"fieldLabel":"Female AP","hideLabel":true,"width":200,"boxLabel":"Female AP","name":"female_ap"}'),
(631, '722', '{"fieldLabel":"LMP","hideLabel":true,"width":200,"boxLabel":"LMP","name":"lmp"}'),
(635, '726', '{"fieldLabel":"Female LC","hideLabel":true,"width":200,"boxLabel":"Female LC","name":"female_lc"}'),
(640, '731', '{"fieldLabel":"Menopause","hideLabel":true,"width":200,"boxLabel":"Menopause","name":"menopause"}'),
(645, '735', '{"fieldLabel":"Flow","hideLabel":true,"width":200,"boxLabel":"Flow","name":"flow"}'),
(649, '739', '{"fieldLabel":"Frequency","hideLabel":true,"width":200,"boxLabel":"Frequency","name":"fem_frequency"}'),
(657, '729', '{"fieldLabel":"Abnormal Hair Growth","hideLabel":true,"width":200,"boxLabel":"Abnormal Hair Growth","name":"abnormal_hair_growth"}'),
(659, '746', '{"fieldLabel":"Menarche","hideLabel":true,"width":200,"boxLabel":"Menarche","name":"menarche"}'),
(663, '750', '{"fieldLabel":"Symptoms","hideLabel":true,"width":200,"boxLabel":"Symptoms","name":"symptoms"}'),
(667, '754', '{"fieldLabel":"F\\/H Female Hirsutism\\/Striae","hideLabel":true,"width":200,"boxLabel":"F\\/H Female Hirsutism\\/Striae","name":"f_h_female_hirsutism_striae"}'),
(692, '704', '{"title":"Genitourinary Female","hideLabel":false,"layout":"column","collapsible":false,"checkboxToggle":false,"collapsed":false}'),
(697, '761', '{"fieldLabel":"Anxiety","hideLabel":true,"width":200,"boxLabel":"Anxiety","name":"anxiety"}'),
(701, '765', '{"fieldLabel":"Depression","hideLabel":true,"width":200,"boxLabel":"Depression","name":"depression"}'),
(705, '769', '{"fieldLabel":"Psychiatric Medication","hideLabel":true,"width":200,"boxLabel":"Psychiatric Medication","name":"psychiatric_medication"}'),
(709, '773', '{"fieldLabel":"Social Difficulties","hideLabel":true,"width":200,"boxLabel":"Social Difficulties","name":"social_difficulties"}'),
(713, '777', '{"fieldLabel":"Psychiatric Diagnosis","hideLabel":true,"width":200,"boxLabel":"Psychiatric Diagnosis","name":"psychiatric_diagnosis"}'),
(735, '757', '{"title":"Psychiatric","hideLabel":false,"layout":"column","collapsible":false,"checkboxToggle":false,"collapsed":false}'),
(741, '785', '{"fieldLabel":"FMS","hideLabel":true,"width":200,"boxLabel":"FMS","name":"fms"}'),
(745, '789', '{"fieldLabel":"Swelling","hideLabel":true,"width":200,"boxLabel":"Swelling","name":"swelling"}'),
(749, '793', '{"fieldLabel":"Redness","hideLabel":true,"width":200,"boxLabel":"Redness","name":"redness"}'),
(753, '797', '{"fieldLabel":"Warm","hideLabel":true,"width":200,"boxLabel":"Warm","name":"warm"}'),
(757, '801', '{"fieldLabel":"Muscle","hideLabel":true,"width":200,"boxLabel":"Muscle","name":"muscle"}'),
(761, '805', '{"fieldLabel":"Stiffness","hideLabel":true,"width":200,"boxLabel":"Stiffness","name":"stiffness"}'),
(765, '809', '{"fieldLabel":"Aches","hideLabel":true,"width":200,"boxLabel":"Aches","name":"aches"}'),
(769, '813', '{"fieldLabel":"Arthritis","hideLabel":true,"width":200,"boxLabel":"Arthritis","name":"arthritis"}'),
(773, '817', '{"fieldLabel":"Chronic Joint Pain","hideLabel":true,"width":200,"boxLabel":"Chronic Joint Pain","name":"chronic_joint_pain"}'),
(797, '780', '{"title":"Musculoskeletal","hideLabel":false,"layout":"column","collapsible":false,"checkboxToggle":false,"collapsed":false}'),
(806, '826', '{"fieldLabel":"LOC","hideLabel":true,"width":200,"boxLabel":"LOC","name":"loc"}'),
(812, '829', '{"fieldLabel":"Stroke","hideLabel":true,"width":200,"boxLabel":"Stroke","name":"stroke"}'),
(815, '834', '{"fieldLabel":"Paralysis","hideLabel":true,"width":200,"boxLabel":"Paralysis","name":"paralysis"}'),
(819, '838', '{"fieldLabel":"TIA","hideLabel":true,"width":200,"boxLabel":"TIA","name":"tia"}'),
(823, '842', '{"fieldLabel":"Numbness","hideLabel":true,"width":200,"boxLabel":"Numbness","name":"numbness"}'),
(827, '846', '{"fieldLabel":"Memory Problems","hideLabel":true,"width":200,"boxLabel":"Memory Problems","name":"memory_problems"}'),
(831, '850', '{"fieldLabel":"Seizures","hideLabel":true,"width":200,"boxLabel":"Seizures","name":"seizures"}'),
(835, '854', '{"fieldLabel":"Weakness","hideLabel":true,"width":200,"boxLabel":"Weakness","name":"weakness"}'),
(839, '858', '{"fieldLabel":"Intellectual Decline","hideLabel":true,"width":200,"boxLabel":"Intellectual Decline","name":"intellectual_decline"}'),
(843, '862', '{"fieldLabel":"Dementia","hideLabel":true,"width":200,"boxLabel":"Dementia","name":"dementia"}'),
(847, '866', '{"fieldLabel":"Headache","hideLabel":true,"width":200,"boxLabel":"Headache","name":"headache"}'),
(880, '877', '{"fieldLabel":"Line 1","hideLabel":true,"layout":"hbox","collapsible":false,"checkboxToggle":false,"collapsed":false}'),
(923, '881', '{"fieldLabel":"Line 2","hideLabel":true,"layout":"hbox","collapsible":false,"checkboxToggle":false,"collapsed":false}'),
(924, '874', '{"fieldLabel":"Additional Notes","hideLabel":false,"width":690,"height":150,"margin":"0 5 0 0","grow":0,"name":"notes","collapsible":false,"checkboxToggle":false,"collapsed":false}'),
(942, '871', '{"fieldLabel":"Fever","labelWidth":35,"hideLabel":false,"width":65,"margin":"0 5 0 0","name":"fever","collapsible":false,"checkboxToggle":false,"collapsed":false}'),
(943, '872', '{"fieldLabel":"Chills","labelWidth":35,"hideLabel":false,"width":65,"margin":"0 5 0 0","collapsible":false,"checkboxToggle":false,"collapsed":false,"name":"chills"}'),
(951, '879', '{"fieldLabel":"Depressed","labelWidth":62,"hideLabel":false,"width":90,"margin":"0 5 0 0","collapsible":false,"checkboxToggle":false,"collapsed":false,"name":"depressed"}'),
(952, '878', '{"fieldLabel":"Fatigued","labelWidth":62,"hideLabel":false,"width":90,"margin":"0 5 0 0","name":"fatigued","collapsible":false,"checkboxToggle":false,"collapsed":false}'),
(956, '888', '{"fieldLabel":"Insomnia","labelWidth":70,"hideLabel":false,"width":100,"margin":"0 5 0 0","collapsible":false,"checkboxToggle":false,"collapsed":false,"name":"insomnia"}'),
(957, '885', '{"fieldLabel":"Hyperactive","labelWidth":70,"hideLabel":false,"width":100,"margin":"0 5 0 0","name":"hyperactive","collapsible":false,"checkboxToggle":false,"collapsed":false}'),
(964, '889', '{"fieldLabel":"Poor Appetite","labelWidth":81,"hideLabel":false,"width":110,"margin":"0 5 0 0","collapsible":false,"checkboxToggle":false,"collapsed":false,"name":"poor_appetite"}'),
(965, '875', '{"fieldLabel":"Night Sweats","labelWidth":81,"hideLabel":false,"width":110,"margin":"0 5 0 0","name":"night_sweats","collapsible":false,"checkboxToggle":false,"collapsed":false}'),
(969, '886', '{"fieldLabel":"Exposure to Foreign Countries","labelWidth":172,"hideLabel":false,"width":220,"margin":"0 5 0 0","name":"exposure_to_foreign_countries","collapsible":false,"checkboxToggle":false,"collapsed":false}'),
(970, '887', '{"fieldLabel":"Weight Loss","labelWidth":172,"hideLabel":false,"width":220,"margin":"0 5 0 0","name":"weight_loss","collapsible":false,"checkboxToggle":false,"collapsed":false}'),
(972, '873', '{"title":"General","collapsible":false,"checkboxToggle":false,"collapsed":false,"hideLabel":false}'),
(974, '892', '{"fieldLabel":"Line 1","hideLabel":true,"layout":"hbox"}'),
(984, '893', '{"fieldLabel":"Ulcerations","labelWidth":65,"hideLabel":false,"width":95,"margin":"0 5 0 0","collapsible":false,"checkboxToggle":false,"collapsed":false,"name":"ulcerations"}'),
(989, '894', '{"fieldLabel":"Pemphigus","labelWidth":64,"hideLabel":false,"width":95,"margin":"0 5 0 0","collapsible":false,"checkboxToggle":false,"collapsed":false,"name":"pemphigus"}'),
(991, '895', '{"fieldLabel":"Herpes","labelWidth":44,"hideLabel":false,"width":74,"margin":"0 5 0 0","collapsible":false,"checkboxToggle":false,"collapsed":false,"name":"herpes"}'),
(1005, '891', '{"fieldLabel":"Infections","labelWidth":58,"hideLabel":false,"width":88,"margin":"0 5 0 0","collapsible":false,"checkboxToggle":false,"collapsed":false,"name":"infections"}'),
(1007, '884', '{"fieldLabel":"Rashes","labelWidth":45,"hideLabel":false,"width":75,"margin":"0 5 0 0","collapsible":false,"checkboxToggle":false,"collapsed":false,"name":"rashes"}'),
(1008, '890', '{"title":"Skin","collapsible":false,"checkboxToggle":false,"collapsed":false,"hideLabel":false}'),
(1010, '897', '{"fieldLabel":"Line 1","hideLabel":true,"layout":"hbox"}'),
(1011, '898', '{"fieldLabel":"Line 2","hideLabel":true,"layout":"hbox"}'),
(1023, '899', '{"fieldLabel":"Non-Insulin Dependent Diabetes","labelWidth":180,"hideLabel":false,"width":210,"margin":"0 5 0 0","name":"non_insulin_dependent_diabetes","collapsible":false,"checkboxToggle":false,"collapsed":false}'),
(1024, '900', '{"fieldLabel":"Insulin Dependent Diabetes","labelWidth":180,"hideLabel":false,"width":210,"margin":"0 5 0 0","name":"insulin_dependent_diabetes","collapsible":false,"checkboxToggle":false,"collapsed":false}'),
(1028, '901', '{"fieldLabel":"Hypothyroidism","labelWidth":90,"hideLabel":false,"width":120,"margin":"0 5 0 0","name":"hypothyroidism","collapsible":false,"checkboxToggle":false,"collapsed":false}'),
(1031, '902', '{"fieldLabel":"Hyperthyroidism","labelWidth":94,"hideLabel":false,"width":124,"margin":"0 5 0 0","name":"hyperthyroidism","collapsible":false,"checkboxToggle":false,"collapsed":false}'),
(1039, '903', '{"fieldLabel":"Cushing Syndrome","labelWidth":108,"hideLabel":false,"width":138,"margin":"0 5 0 0","name":"cushing_syndrome","collapsible":false,"checkboxToggle":false,"collapsed":false}'),
(1040, '904', '{"fieldLabel":"Addison Syndrome","labelWidth":108,"hideLabel":false,"width":138,"margin":"0 5 0 0","name":"addison_syndrome","collapsible":false,"checkboxToggle":false,"collapsed":false}'),
(1041, '896', '{"title":"Endocrine","collapsible":false,"checkboxToggle":false,"collapsed":false,"hideLabel":false}'),
(1043, '906', '{"fieldLabel":"Line 1 ","hideLabel":true,"layout":"hbox"}'),
(1047, '908', '{"fieldLabel":"Line 2","hideLabel":true,"layout":"hbox"}'),
(1065, '913', '{"fieldLabel":"Shortness of Breath","labelWidth":112,"hideLabel":false,"width":142,"margin":"0 5 0 0","name":"shortness_of_breath","collapsible":false,"checkboxToggle":false,"collapsed":false}'),
(1066, '909', '{"fieldLabel":"Pheumothorax","labelWidth":112,"hideLabel":false,"width":142,"margin":"0 5 0 0","name":"pheumothorax","collapsible":false,"checkboxToggle":false,"collapsed":false}'),
(1072, '912', '{"fieldLabel":"Interstitial Lung Disease","labelWidth":133,"hideLabel":false,"width":163,"margin":"0 5 0 0","name":"interstitial_lung_disease","collapsible":false,"checkboxToggle":false,"collapsed":false}'),
(1073, '911', '{"fieldLabel":"Lung Cancer Surgery","labelWidth":133,"hideLabel":false,"width":163,"margin":"0 5 0 0","name":"lung_cancer_surgery","collapsible":false,"checkboxToggle":false,"collapsed":false}'),
(1078, '914', '{"fieldLabel":"Lung Cancer","labelWidth":73,"hideLabel":false,"width":103,"margin":"0 5 0 0","name":"lung_cancer","collapsible":false,"checkboxToggle":false,"collapsed":false}'),
(1091, '907', '{"fieldLabel":"Emphysema","labelWidth":67,"hideLabel":false,"width":97,"margin":"0 5 0 0","name":"emphysema","collapsible":false,"checkboxToggle":false,"collapsed":false}'),
(1094, '910', '{"fieldLabel":"Chronic Bronchitis","labelWidth":101,"hideLabel":false,"width":131,"margin":"0 5 0 0","name":"chronic_bronchitis","collapsible":false,"checkboxToggle":false,"collapsed":false}'),
(1095, '905', '{"title":"Pulmonary","collapsible":false,"checkboxToggle":false,"collapsed":false,"hideLabel":false}'),
(1098, '917', '{"fieldLabel":"Line 2 ","hideLabel":true,"layout":"hbox"}'),
(1099, '916', '{"fieldLabel":"Line 1","hideLabel":true,"layout":"hbox"}'),
(1100, '918', '{"fieldLabel":"Line 3 ","hideLabel":true,"layout":"hbox"}'),
(1101, '919', '{"fieldLabel":"Line 4","hideLabel":true,"layout":"hbox"}'),
(1117, '925', '{"fieldLabel":"Throat Cancer Surgery","labelWidth":128,"hideLabel":false,"width":158,"margin":"0 5 0 0","name":"throat_cancer_surgery","collapsible":false,"checkboxToggle":false,"collapsed":false}'),
(1131, '937', '{"fieldLabel":"Strep Throat","labelWidth":74,"hideLabel":false,"width":104,"margin":"0 5 0 0","name":"strep_throat","collapsible":false,"checkboxToggle":false,"collapsed":false}'),
(1132, '935', '{"fieldLabel":"Bloody Nose","labelWidth":74,"hideLabel":false,"width":104,"margin":"0 5 0 0","name":"bloody_nose","collapsible":false,"checkboxToggle":false,"collapsed":false}'),
(1133, '924', '{"fieldLabel":"Glaucoma","labelWidth":74,"hideLabel":false,"width":104,"margin":"0 5 0 0","name":"glaucoma","collapsible":false,"checkboxToggle":false,"collapsed":false}'),
(1134, '922', '{"fieldLabel":"Cataracts","labelWidth":74,"hideLabel":false,"width":104,"margin":"0 5 0 0","name":"cataracts","collapsible":false,"checkboxToggle":false,"collapsed":false}'),
(1135, '926', '{"fieldLabel":"Cataract Surgery","labelWidth":128,"hideLabel":false,"width":158,"margin":"0 5 0 0","name":"cataract_surgery","collapsible":false,"checkboxToggle":false,"collapsed":false}'),
(1136, '936', '{"fieldLabel":"Throat Cancer","labelWidth":128,"hideLabel":false,"width":158,"margin":"0 5 0 0","name":"throat_cancer","collapsible":false,"checkboxToggle":false,"collapsed":false}'),
(1137, '938', '{"fieldLabel":"Sinus Surgery","labelWidth":128,"hideLabel":false,"width":158,"margin":"0 5 0 0","name":"sinus_surgery","collapsible":false,"checkboxToggle":false,"collapsed":false}'),
(1142, '927', '{"fieldLabel":"Ringing in Ears","labelWidth":85,"hideLabel":false,"width":115,"margin":"0 5 0 0","name":"ringing_in_ears","collapsible":false,"checkboxToggle":false,"collapsed":false}'),
(1143, '931', '{"fieldLabel":"Dry Mouth","labelWidth":85,"hideLabel":false,"width":115,"margin":"0 5 0 0","name":"dry_mouth","collapsible":false,"checkboxToggle":false,"collapsed":false}'),
(1144, '928', '{"fieldLabel":"Headaches","labelWidth":85,"hideLabel":false,"width":115,"margin":"0 5 0 0","name":"headaches","collapsible":false,"checkboxToggle":false,"collapsed":false}'),
(1145, '923', '{"fieldLabel":"Swollen Lymph Nodes","labelWidth":123,"hideLabel":false,"width":153,"margin":"0 5 0 0","name":"swollen_lymph_nodes","collapsible":false,"checkboxToggle":false,"collapsed":false}'),
(1146, '932', '{"fieldLabel":"Double Vision","labelWidth":123,"hideLabel":false,"width":153,"margin":"0 5 0 0","name":"double_vision","collapsible":false,"checkboxToggle":false,"collapsed":false}'),
(1147, '929', '{"fieldLabel":"Blurred Vision","labelWidth":123,"hideLabel":false,"width":153,"margin":"0 5 0 0","name":"blurred_vision","collapsible":false,"checkboxToggle":false,"collapsed":false}'),
(1150, '934', '{"fieldLabel":"Tonsillectomy","labelWidth":78,"hideLabel":false,"width":108,"margin":"0 5 0 0","name":"tonsillectomy","collapsible":false,"checkboxToggle":false,"collapsed":false}'),
(1151, '933', '{"fieldLabel":"Poor Hearing","labelWidth":78,"hideLabel":false,"width":108,"margin":"0 5 0 0","name":"poor_hearing","collapsible":false,"checkboxToggle":false,"collapsed":false}'),
(1152, '930', '{"fieldLabel":"Sinusitis","labelWidth":78,"hideLabel":false,"width":108,"margin":"0 5 0 0","name":"sinusitis","collapsible":false,"checkboxToggle":false,"collapsed":false}'),
(1153, '915', '{"title":"HEENT","collapsible":false,"checkboxToggle":false,"collapsed":false,"hideLabel":false}'),
(1155, '940', '{"fieldLabel":"Line 1","hideLabel":true,"layout":"hbox"}'),
(1157, '942', '{"fieldLabel":"Line 3","hideLabel":true,"layout":"hbox"}'),
(1159, '941', '{"fieldLabel":"Line 2","hideLabel":true,"layout":"hbox","margin":"0 5 0 0"}'),
(1180, '943', '{"fieldLabel":"Coronary Artery Bypass","labelWidth":137,"hideLabel":false,"name":"coronary_artery_bypass","width":167,"margin":"0 5 0 0"}'),
(1181, '945', '{"fieldLabel":"High Blood Pressure","labelWidth":137,"hideLabel":false,"width":167,"margin":"0 5 0 0","name":"high_blood_pressure","collapsible":false,"checkboxToggle":false,"collapsed":false}'),
(1182, '944', '{"fieldLabel":"Cardiac Catheterization","labelWidth":137,"hideLabel":false,"width":167,"margin":"0 5 0 0","name":"cardiac_catheterization","collapsible":false,"checkboxToggle":false,"collapsed":false}'),
(1184, '949', '{"fieldLabel":"Chest Pains","labelWidth":75,"hideLabel":false,"width":105,"margin":"0 5 0 0","name":"chest_pains","collapsible":false,"checkboxToggle":false,"collapsed":false}'),
(1185, '950', '{"fieldLabel":"Heart Attack","labelWidth":75,"hideLabel":false,"width":105,"margin":"0 5 0 0","name":"heart_attack","collapsible":false,"checkboxToggle":false,"collapsed":false}'),
(1187, '948', '{"fieldLabel":"Irregular Heart Beat","labelWidth":115,"hideLabel":false,"width":145,"margin":"0 5 0 0","name":"irregular_heart_beat","collapsible":false,"checkboxToggle":false,"collapsed":false}'),
(1188, '946', '{"fieldLabel":"Heart Transplant","labelWidth":115,"hideLabel":false,"width":145,"margin":"0 5 0 0","name":"heart_transplant","collapsible":false,"checkboxToggle":false,"collapsed":false}'),
(1193, '952', '{"fieldLabel":"Poor Circulation","labelWidth":92,"hideLabel":false,"width":122,"margin":"0 5 0 0","name":"poor_circulation","collapsible":false,"checkboxToggle":false,"collapsed":false}'),
(1194, '947', '{"fieldLabel":"Vascular Surger","labelWidth":92,"hideLabel":false,"width":122,"margin":"0 5 0 0","name":"vascular_surger","collapsible":false,"checkboxToggle":false,"collapsed":false}'),
(1200, '953', '{"fieldLabel":"Heart Failure","labelWidth":76,"hideLabel":false,"width":106,"margin":"0 5 0 0","name":"heart_failure","collapsible":false,"checkboxToggle":false,"collapsed":false}'),
(1201, '951', '{"fieldLabel":"Stress Test","labelWidth":76,"hideLabel":false,"width":106,"margin":"0 5 0 0","name":"stress_test","collapsible":false,"checkboxToggle":false,"collapsed":false}'),
(1202, '939', '{"title":"Cardiovascular","collapsible":false,"checkboxToggle":false,"collapsed":false,"hideLabel":false}'),
(1204, '955', '{"fieldLabel":"Line 1","hideLabel":true,"layout":"hbox"}'),
(1205, '956', '{"fieldLabel":"Line 2","hideLabel":true,"layout":"hbox"}'),
(1206, '957', '{"fieldLabel":"Line 3","hideLabel":true,"layout":"hbox"}'),
(1226, '960', '{"fieldLabel":"Sexually Transmitted Disease","labelWidth":165,"hideLabel":false,"width":195,"margin":"0 5 0 0","name":"sexually_transmitted_disease","collapsible":false,"checkboxToggle":false,"collapsed":false}'),
(1227, '959', '{"fieldLabel":"Discharge From Urethra","labelWidth":165,"hideLabel":false,"width":195,"margin":"0 5 0 0","name":"discharge_from_urethra","collapsible":false,"checkboxToggle":false,"collapsed":false}'),
(1228, '958', '{"fieldLabel":"Burning with Urination","labelWidth":165,"hideLabel":false,"width":195,"margin":"0 5 0 0","name":"burning_with_urination","collapsible":false,"checkboxToggle":false,"collapsed":false}'),
(1232, '962', '{"fieldLabel":"Bladder Infections","labelWidth":105,"hideLabel":false,"width":135,"margin":"0 5 0 0","name":"bladder_infections","collapsible":false,"checkboxToggle":false,"collapsed":false}'),
(1233, '961', '{"fieldLabel":"Prostate Problems","labelWidth":105,"hideLabel":false,"width":135,"margin":"0 5 0 0","name":"prostate_problems","collapsible":false,"checkboxToggle":false,"collapsed":false}'),
(1234, '964', '{"fieldLabel":"Kidney Transplant","labelWidth":105,"hideLabel":false,"name":"kidney_transplant","width":135,"margin":"0 5 0 0"}'),
(1236, '963', '{"fieldLabel":"Kidney Infections","labelWidth":98,"hideLabel":false,"width":128,"margin":"0 5 0 0","name":"kidney_infections","collapsible":false,"checkboxToggle":false,"collapsed":false}'),
(1237, '966', '{"fieldLabel":"Bladder Cancer","labelWidth":98,"hideLabel":false,"width":128,"margin":"0 5 0 0","name":"bladder_cancer","collapsible":false,"checkboxToggle":false,"collapsed":false}'),
(1241, '965', '{"fieldLabel":"Prostate Cancer","labelWidth":92,"hideLabel":false,"width":122,"margin":"0 5 0 0","name":"prostate_cancer","collapsible":false,"checkboxToggle":false,"collapsed":false}'),
(1242, '968', '{"fieldLabel":"Kidney Failure","labelWidth":92,"hideLabel":false,"width":122,"margin":"0 5 0 0","name":"kidney_failure","collapsible":false,"checkboxToggle":false,"collapsed":false}'),
(1247, '967', '{"fieldLabel":"Kidney Cancer","labelWidth":83,"hideLabel":false,"width":113,"margin":"0 5 0 0","name":"kidney_cancer","collapsible":false,"checkboxToggle":false,"collapsed":false}'),
(1248, '969', '{"fieldLabel":"Kidney Stones","labelWidth":83,"hideLabel":false,"width":113,"margin":"0 5 0 0","name":"kidney_stones","collapsible":false,"checkboxToggle":false,"collapsed":false}'),
(1249, '954', '{"title":"Genitourinary","collapsible":false,"checkboxToggle":false,"collapsed":false,"hideLabel":false}'),
(1251, '971', '{"fieldLabel":"Line 1","hideLabel":true,"layout":"hbox"}'),
(1252, '972', '{"fieldLabel":"Line 2","hideLabel":true,"layout":"hbox"}'),
(1253, '973', '{"fieldLabel":"Line 3","hideLabel":true,"layout":"hbox"}'),
(1254, '974', '{"fieldLabel":"Line 4","hideLabel":true,"layout":"hbox"}'),
(1277, '975', '{"fieldLabel":"Colon Cancer Surgery","labelWidth":123,"hideLabel":false,"width":153,"margin":"0 5 0 0","name":"colon_cancer_surgery","collapsible":false,"checkboxToggle":false,"collapsed":false}'),
(1278, '976', '{"fieldLabel":"Peptic Ulcer Disease","labelWidth":123,"hideLabel":false,"width":153,"margin":"0 5 0 0","name":"peptic_ulcer_disease","collapsible":false,"checkboxToggle":false,"collapsed":false}'),
(1279, '977', '{"fieldLabel":"Diverticulitis Surgery","labelWidth":123,"hideLabel":false,"width":153,"margin":"0 5 0 0","name":"diverticulitis_surgery","collapsible":false,"checkboxToggle":false,"collapsed":false}'),
(1280, '978', '{"fieldLabel":"Cirrhosis of the Liver","labelWidth":123,"hideLabel":false,"width":153,"margin":"0 5 0 0","name":"cirrhosis_of_the_liver","collapsible":false,"checkboxToggle":false,"collapsed":false}'),
(1285, '979', '{"fieldLabel":"Cholecystectomy","labelWidth":98,"hideLabel":false,"width":128,"margin":"0 5 0 0","name":"cholecystectomy","collapsible":false,"checkboxToggle":false,"collapsed":false}'),
(1286, '980', '{"fieldLabel":"Crohn`s Disease","labelWidth":98,"hideLabel":false,"width":128,"margin":"0 5 0 0","name":"crohns_disease","collapsible":false,"checkboxToggle":false,"collapsed":false}'),
(1287, '981', '{"fieldLabel":"Ulcerative Colitis","labelWidth":98,"hideLabel":false,"width":128,"margin":"0 5 0 0","name":"ulcerative_colitis","collapsible":false,"checkboxToggle":false,"collapsed":false}'),
(1288, '982', '{"fieldLabel":"Stomach Pains","labelWidth":98,"hideLabel":false,"width":128,"margin":"0 5 0 0","name":"stomach_pains","collapsible":false,"checkboxToggle":false,"collapsed":false}'),
(1291, '983', '{"fieldLabel":"Appendectomy","labelWidth":86,"hideLabel":false,"width":116,"margin":"0 5 0 0","name":"appendectomy","collapsible":false,"checkboxToggle":false,"collapsed":false}'),
(1292, '984', '{"fieldLabel":"Colon Cancer","labelWidth":86,"hideLabel":false,"width":116,"margin":"0 5 0 0","name":"colon_cancer","collapsible":false,"checkboxToggle":false,"collapsed":false}'),
(1293, '985', '{"fieldLabel":"Colonoscopy","labelWidth":86,"hideLabel":false,"width":116,"margin":"0 5 0 0","name":"colonoscopy","collapsible":false,"checkboxToggle":false,"collapsed":false}'),
(1294, '986', '{"fieldLabel":"Endoscopy","labelWidth":86,"hideLabel":false,"width":116,"margin":"0 5 0 0","name":"endoscopy","collapsible":false,"checkboxToggle":false,"collapsed":false}'),
(1298, '987', '{"fieldLabel":"Splenectomy","labelWidth":75,"hideLabel":false,"width":105,"margin":"0 5 0 0","name":"splenectomy","collapsible":false,"checkboxToggle":false,"collapsed":false}'),
(1299, '988', '{"fieldLabel":"Diverticulitis","labelWidth":75,"hideLabel":false,"width":105,"margin":"0 5 0 0","name":"diverticulitis","collapsible":false,"checkboxToggle":false,"collapsed":false}'),
(1300, '989', '{"fieldLabel":"Gall Stones","labelWidth":75,"hideLabel":false,"width":105,"margin":"0 5 0 0","name":"gall_stones","collapsible":false,"checkboxToggle":false,"collapsed":false}'),
(1306, '990', '{"fieldLabel":"Hepatitis","labelWidth":54,"hideLabel":false,"width":84,"margin":"0 5 0 0","name":"hepatitis","collapsible":false,"checkboxToggle":false,"collapsed":false}'),
(1307, '992', '{"fieldLabel":"Polyps","labelWidth":54,"hideLabel":false,"width":84,"margin":"0 5 0 0","name":"polyps","collapsible":false,"checkboxToggle":false,"collapsed":false}'),
(1308, '991', '{"fieldLabel":"Gastritis","labelWidth":54,"hideLabel":false,"width":84,"margin":"0 5 0 0","name":"gastritis","collapsible":false,"checkboxToggle":false,"collapsed":false}'),
(1309, '970', '{"title":"Gastrointestinal","collapsible":false,"checkboxToggle":false,"collapsed":false,"hideLabel":false}'),
(1311, '994', '{"fieldLabel":"Line 1","hideLabel":true,"layout":"hbox"}'),
(1312, '995', '{"fieldLabel":"Line 2","hideLabel":true,"layout":"hbox"}'),
(1313, '996', '{"fieldLabel":"Line 3","hideLabel":true,"layout":"hbox"}'),
(1314, '997', '{"fieldLabel":"Line 4","hideLabel":true,"layout":"hbox"}'),
(1341, '999', '{"fieldLabel":"Ankylosing Spondlilitis","labelWidth":120,"hideLabel":false,"width":150,"margin":"0 5 0 0","name":"ankylosing_spondlilitis","collapsible":false,"checkboxToggle":false,"collapsed":false}'),
(1342, '1000', '{"fieldLabel":"Rheumotoid Arthritis","labelWidth":120,"hideLabel":false,"width":150,"margin":"0 5 0 0","name":"rheumotoid_arthritis","collapsible":false,"checkboxToggle":false,"collapsed":false}'),
(1343, '1001', '{"fieldLabel":"Shoulder Problems","labelWidth":120,"hideLabel":false,"width":150,"margin":"0 5 0 0","name":"shoulder_problems","collapsible":false,"checkboxToggle":false,"collapsed":false}'),
(1344, '1003', '{"fieldLabel":"Ankle Problems","labelWidth":120,"hideLabel":false,"width":150,"margin":"0 5 0 0","name":"ankle_problems","collapsible":false,"checkboxToggle":false,"collapsed":false}'),
(1352, '1002', '{"fieldLabel":"Elbow Problems","labelWidth":91,"hideLabel":false,"width":121,"margin":"0 5 0 0","name":"elbow_problems","collapsible":false,"checkboxToggle":false,"collapsed":false}'),
(1353, '1012', '{"fieldLabel":"Knee Problems","labelWidth":91,"hideLabel":false,"width":121,"margin":"0 5 0 0","name":"knee_problems","collapsible":false,"checkboxToggle":false,"collapsed":false}'),
(1354, '1008', '{"fieldLabel":"Neck Problems","labelWidth":91,"hideLabel":false,"width":121,"margin":"0 5 0 0","name":"neck_problems","collapsible":false,"checkboxToggle":false,"collapsed":false}'),
(1355, '1004', '{"fieldLabel":"Back Problems","labelWidth":91,"hideLabel":false,"width":121,"margin":"0 5 0 0","name":"back_problems","collapsible":false,"checkboxToggle":false,"collapsed":false}'),
(1359, '1010', '{"fieldLabel":"Wrist Problems","labelWidth":85,"hideLabel":false,"width":115,"margin":"0 5 0 0","name":"wrist_problems","collapsible":false,"checkboxToggle":false,"collapsed":false}'),
(1360, '1014', '{"fieldLabel":"Foot Problems","labelWidth":85,"hideLabel":false,"width":115,"margin":"0 5 0 0","name":"foot_problems","collapsible":false,"checkboxToggle":false,"collapsed":false}'),
(1361, '1011', '{"fieldLabel":"Hand Problems","labelWidth":85,"hideLabel":false,"width":115,"margin":"0 5 0 0","name":"hand_problems","collapsible":false,"checkboxToggle":false,"collapsed":false}'),
(1362, '1005', '{"fieldLabel":"Back Surgery","labelWidth":85,"hideLabel":false,"width":115,"margin":"0 5 0 0","name":"back_surgery","collapsible":false,"checkboxToggle":false,"collapsed":false}'),
(1371, '1007', '{"fieldLabel":"Swollen Joints","labelWidth":84,"hideLabel":false,"width":114,"margin":"0 5 0 0","name":"swollen_joints","collapsible":false,"checkboxToggle":false,"collapsed":false}'),
(1372, '1013', '{"fieldLabel":"Herniated Disc","labelWidth":84,"hideLabel":false,"width":114,"margin":"0 5 0 0","name":"herniated_disc","collapsible":false,"checkboxToggle":false,"collapsed":false}'),
(1373, '1006', '{"fieldLabel":"Broken Bones","labelWidth":84,"hideLabel":false,"width":114,"margin":"0 5 0 0","name":"broken_bones","collapsible":false,"checkboxToggle":false,"collapsed":false}'),
(1374, '1009', '{"fieldLabel":"Osetoarthritis","labelWidth":84,"hideLabel":false,"width":114,"margin":"0 5 0 0","name":"osetoarthritis","collapsible":false,"checkboxToggle":false,"collapsed":false}'),
(1378, '1015', '{"fieldLabel":"Hip Problems","labelWidth":76,"hideLabel":false,"width":106,"margin":"0 5 0 0","name":"hip_problems","collapsible":false,"checkboxToggle":false,"collapsed":false}'),
(1379, '1018', '{"fieldLabel":"Lupus","labelWidth":76,"hideLabel":false,"width":106,"margin":"0 5 0 0","name":"lupus","collapsible":false,"checkboxToggle":false,"collapsed":false}'),
(1380, '1017', '{"fieldLabel":"Scoliosis","labelWidth":76,"hideLabel":false,"width":106,"margin":"0 5 0 0","name":"scoliosis","collapsible":false,"checkboxToggle":false,"collapsed":false}'),
(1381, '1016', '{"fieldLabel":"Stiff Joints","labelWidth":76,"hideLabel":false,"width":106,"margin":"0 5 0 0","name":"stiff_joints","collapsible":false,"checkboxToggle":false,"collapsed":false}'),
(1382, '993', '{"title":"Musculoskeletal","collapsible":false,"checkboxToggle":false,"collapsed":false,"hideLabel":false}'),
(1387, '820', '{"title":"Neurologic","hideLabel":false,"layout":"column","collapsible":false,"checkboxToggle":false,"collapsed":false}'),
(1388, '212', '{"title":"Constitutional","hideLabel":false,"layout":"column","collapsible":false,"checkboxToggle":false,"collapsed":false}'),
(1389, '261', '{"title":"Eyes","hideLabel":false,"layout":"column","collapsible":false,"checkboxToggle":false,"collapsed":false}'),
(1390, '322', '{"title":"Ears, Nose, Mouth, Throat","hideLabel":false,"layout":"column","collapsible":false,"checkboxToggle":false,"collapsed":false}'),
(1391, '323', '{"title":"Breast","hideLabel":false,"layout":"column","collapsible":false,"checkboxToggle":false,"collapsed":false}'),
(1393, '192', '{"fieldLabel":"Facility","labelWidth":120,"hideLabel":false,"width":310,"margin":"0 5 5 0","collapsible":false,"checkboxToggle":false,"collapsed":false,"name":"facility","list_id":"activeFacilities"}'),
(1396, '205', '{"fieldLabel":"Plan","hideLabel":true,"name":"plan","anchor":"100%","margin":"10 5 15 5","grow":1,"growMin":90}'),
(1398, '1020', '{"fieldLabel":"Date","labelWidth":150,"hideLabel":false,"layout":"anchor","width":305,"margin":"0 0 5 0","collapsible":false,"checkboxToggle":false,"collapsed":false,"allowBlank":false,"name":"date"}'),
(1399, '1022', '{"fieldLabel":"Authorized by","labelWidth":150,"hideLabel":false,"margin":0,"collapsible":false,"checkboxToggle":false,"collapsed":false,"name":"authorized_by"}'),
(1494, '1119', '{"fieldLabel":"Zipcode","hideLabel":true,"emptyText":"Zipcode","name":"zipcode","width":80,"margin":"0 5 0 0"}'),
(1495, '1120', '{"fieldLabel":"Race","labelWidth":149,"hideLabel":false,"width":400,"margin":"0 5 5 0","name":"race","list_id":14}'),
(1496, '1121', '{"fieldLabel":"Ethnicity","labelWidth":149,"hideLabel":false,"width":400,"margin":"0 5 5 0","name":"ethnicity","list_id":59}'),
(1497, '1122', '{"fieldLabel":"Language","labelWidth":149,"hideLabel":false,"width":400,"margin":"0 5 5 0","name":"lenguage","list_id":10}'),
(1498, '1123', '{"fieldLabel":"BOX 10 (b)","labelWidth":75,"hideLabel":true,"layout":"hbox","margin":"0 0 5 0","collapsible":false,"checkboxToggle":false,"collapsed":false}'),
(1499, '1124', '{"fieldLabel":"BOX 10 (a) Employment related","labelWidth":180,"hideLabel":false,"margin":"0 15 10 0","name":"employment_related","collapsible":false,"checkboxToggle":false,"collapsed":false}'),
(1500, '1125', '{"fieldLabel":"BOX 10 (b) Auto Accident","labelWidth":180,"hideLabel":false,"margin":"0 5 0 0","collapsible":false,"checkboxToggle":false,"collapsed":false,"boxLabel":" ","name":"auto_accident"}'),
(1501, '1126', '{"fieldLabel":"State","labelWidth":35,"hideLabel":false,"width":75,"margin":"0 15 0 10","name":"state","collapsible":false,"checkboxToggle":false,"collapsed":false}'),
(1502, '1127', '{"fieldLabel":"BOX 10 (c) Other Accident ","labelWidth":180,"hideLabel":false,"margin":"0 5 10 0","collapsible":false,"checkboxToggle":false,"collapsed":false,"name":"other_accident"}'),
(1503, '1128', '{"fieldLabel":"BOX 15 Similar illness date","emptyText":"yyyy-mm-dd","labelWidth":180,"hideLabel":false,"margin":"0 5 5 0","collapsible":false,"checkboxToggle":false,"collapsed":false,"name":"similar_illness_date"}'),
(1504, '1129', '{"fieldLabel":"BOX 16","hideLabel":true,"layout":"hbox","margin":"0 0 5 0","collapsible":false,"checkboxToggle":false,"collapsed":false}'),
(1505, '1130', '{"fieldLabel":"BOX 16 Ubable to work from","emptyText":"yyyy-mm-dd","labelWidth":180,"hideLabel":false,"width":335,"margin":"0 5 0 0","name":"unable_to_work_from","collapsible":false,"checkboxToggle":false,"collapsed":false}'),
(1506, '1131', '{"fieldLabel":"To","emptyText":"yyyy-mm-dd","labelWidth":20,"hideLabel":false,"margin":"0 5 0 0","name":"unable_to_work_to","collapsible":false,"checkboxToggle":false,"collapsed":false}'),
(1507, '1132', '{"fieldLabel":"BOX 18","hideLabel":true,"layout":"hbox","margin":"0 0 5 0","collapsible":false,"checkboxToggle":false,"collapsed":false}'),
(1508, '1133', '{"fieldLabel":"BOX 18 Hospitalization from","emptyText":"yyyy-mm-dd","labelWidth":180,"hideLabel":false,"width":335,"margin":"0 5 0 0","name":"hosp_date_from","collapsible":false,"checkboxToggle":false,"collapsed":false}'),
(1509, '1134', '{"fieldLabel":"To","emptyText":"yyyy-mm-dd","labelWidth":20,"hideLabel":false,"margin":"0 5 0 0","name":"hops_date_to","collapsible":false,"checkboxToggle":false,"collapsed":false}'),
(1510, '1135', '{"fieldLabel":"BOX 20","hideLabel":true,"layout":"hbox","margin":"0 0 5 0","collapsible":false,"checkboxToggle":false,"collapsed":false}'),
(1511, '1136', '{"fieldLabel":"BOX 20. Outside Lab?","labelWidth":180,"hideLabel":false,"margin":"0 5 0 0","name":"out_lab_used","collapsible":false,"checkboxToggle":false,"collapsed":false}'),
(1512, '1137', '{"fieldLabel":"$ Charges","labelWidth":60,"hideLabel":false,"margin":"0 5 0 5","name":"amount_charges","collapsible":false,"checkboxToggle":false,"collapsed":false}'),
(1513, '1138', '{"fieldLabel":"BOX 22 Medicaid Resubmission","labelWidth":180,"hideLabel":false,"layout":"hbox","collapsible":false,"checkboxToggle":false,"collapsed":false}'),
(1514, '1139', '{"fieldLabel":"Code (ICD-9)","emptyText":"Code (ICD-9)","hideLabel":true,"width":150,"margin":"0 5 0 0","collapsible":false,"checkboxToggle":false,"collapsed":false,"name":"medicaid_resubmission_code"}'),
(1515, '1140', '{"fieldLabel":"Original Reference No.","emptyText":"Original Reference No.","hideLabel":true,"margin":"0 5 0 0","collapsible":false,"checkboxToggle":false,"collapsed":false,"name":"medicaid_original_reference_number"}'),
(1516, '1141', '{"fieldLabel":"BOX 23 Prior Authorization No.","labelWidth":180,"hideLabel":false,"margin":"0 5 5 0","name":"prior_authorization_number","collapsible":false,"checkboxToggle":false,"collapsed":false}'),
(1517, '1142', '{"fieldLabel":"Replacement Claim (X12 only)","labelWidth":180,"hideLabel":false,"margin":"0 5 10 0","name":"replacement_claim","collapsible":false,"checkboxToggle":false,"collapsed":false}'),
(1518, '1143', '{"fieldLabel":"Aditional Notes","labelWidth":180,"hideLabel":false,"width":530,"margin":"0 5 0 0","grow":1,"name":"notes","collapsible":false,"checkboxToggle":false,"collapsed":false}'),
(1519, '1144', '{"fieldLabel":"Left Column","hideLabel":true,"collapsible":false,"checkboxToggle":false,"collapsed":false}'),
(1520, '1145', '{"fieldLabel":"Right Column","hideLabel":true,"collapsible":false,"checkboxToggle":false,"collapsed":false}'),
(1521, '1146', '{"fieldLabel":"Insurance Provider","emptyText":"Insurance","labelWidth":150,"hideLabel":false,"width":440,"margin":"0 5 0 0","collapsible":false,"checkboxToggle":false,"collapsed":false,"name":"insurance_id","list_id":"activeInsurances"}'),
(1523, '1148', '{"fieldLabel":"Effective Date","emptyText":"Effective Date","hideLabel":true,"width":140,"margin":"0 5 0 0","collapsible":false,"checkboxToggle":false,"collapsed":false,"name":"effective_date"}'),
(1525, '1150', '{"fieldLabel":"Group Number","emptyText":"Group Number","hideLabel":true,"width":140,"margin":"0 5 0 0","collapsible":false,"checkboxToggle":false,"collapsed":false,"name":"group_number"}'),
(1526, '1151', '{"fieldLabel":"Subscriber","labelWidth":150,"hideLabel":false,"layout":"hbox","width":590,"margin":"20 0 0 0","collapsible":false,"checkboxToggle":false,"collapsed":false}'),
(1527, '1152', '{"fieldLabel":"Title","emptyText":"Title","hideLabel":true,"width":60,"margin":"0 5 0 0","collapsible":false,"checkboxToggle":false,"collapsed":false,"name":"subscriber_title","list_id":22}'),
(1528, '1153', '{"fieldLabel":"First Name","emptyText":"First Name","hideLabel":true,"width":100,"margin":"0 5 0 0","collapsible":false,"checkboxToggle":false,"collapsed":false,"name":"subscriber_given_name"}'),
(1529, '1154', '{"fieldLabel":"Middle Name","emptyText":"Middle Name","hideLabel":true,"width":100,"margin":"0 5 0 0","collapsible":false,"checkboxToggle":false,"collapsed":false,"name":"subscriber_middle_name"}'),
(1530, '1155', '{"fieldLabel":"Last Name","emptyText":"Last Name","hideLabel":true,"width":155,"margin":"0 5 0 0","collapsible":false,"checkboxToggle":false,"collapsed":false,"name":"subscriber_surname"}'),
(1531, '1156', '{"fieldLabel":"Subscriber Address","labelWidth":150,"hideLabel":false,"layout":"hbox","width":590,"margin":"20 0 0 0","collapsible":false,"checkboxToggle":false,"collapsed":false}'),
(1532, '1157', '{"fieldLabel":"Subscriber Address Cont","labelWidth":150,"hideLabel":false,"layout":"hbox","width":590,"margin":"5 0 0 0","collapsible":false,"checkboxToggle":false,"collapsed":false}'),
(1533, '1158', '{"fieldLabel":"Subscriber Info","labelWidth":150,"hideLabel":false,"layout":"hbox","width":590,"margin":"5 0 0 0","collapsible":false,"checkboxToggle":false,"collapsed":false}'),
(1534, '1159', '{"fieldLabel":"Subscriber Street","emptyText":"Street","hideLabel":true,"width":430,"name":"subscriber_street","collapsible":false,"checkboxToggle":false,"collapsed":false}'),
(1535, '1160', '{"fieldLabel":"Relationship","emptyText":"Relationship","hideLabel":true,"width":140,"margin":"0 5 0 0","collapsible":false,"checkboxToggle":false,"collapsed":false,"name":"subscriber_relationship","list_id":25}'),
(1536, '1161', '{"fieldLabel":"City","emptyText":"City","hideLabel":true,"width":100,"margin":"0 5 0 0","collapsible":false,"checkboxToggle":false,"collapsed":false,"name":"subscriber_city"}'),
(1537, '1162', '{"fieldLabel":"State","emptyText":"State","hideLabel":true,"width":110,"margin":"0 5 0 0","collapsible":false,"checkboxToggle":false,"collapsed":false,"name":"subscriber_state","list_id":20}'),
(1538, '1163', '{"fieldLabel":"Country","emptyText":"Country","hideLabel":true,"width":110,"margin":"0 5 0 0","collapsible":false,"checkboxToggle":false,"collapsed":false,"name":"subscriber_country","list_id":3}'),
(1539, '1164', '{"fieldLabel":"Postal Code","emptyText":"Postal Code","hideLabel":true,"width":95,"collapsible":false,"checkboxToggle":false,"collapsed":false,"name":"subscriber_postal_code"}'),
(1540, '1165', '{"fieldLabel":"Phone","emptyText":"Phone","hideLabel":true,"width":140,"margin":"0 5 0 0","collapsible":false,"checkboxToggle":false,"collapsed":false,"name":"subscriber_phone"}'),
(1541, '1166', '{"fieldLabel":"Subscriber Employer","labelWidth":150,"hideLabel":false,"layout":"hbox","width":590,"margin":"20 0 0 0","collapsible":false,"checkboxToggle":false,"collapsed":false}'),
(1544, '1169', '{"fieldLabel":"Subscriber Employer","emptyText":"Employer","hideLabel":true,"width":430,"collapsible":false,"checkboxToggle":false,"collapsed":false,"name":"subscriber_employer"}'),
(1550, '1175', '{"fieldLabel":"Subscriber DOB","emptyText":"DOB","hideLabel":true,"width":140,"margin":"0 5 0 0","collapsible":false,"checkboxToggle":false,"collapsed":false,"name":"subscriber_dob"}'),
(1551, '1176', '{"fieldLabel":"Subscriber SS","emptyText":"S.S.","hideLabel":true,"width":140,"collapsible":false,"checkboxToggle":false,"collapsed":false,"name":"subscriber_ss"}'),
(1552, '1177', '{"fieldLabel":"Insurance Dates","labelWidth":150,"hideLabel":false,"layout":"hbox","width":590,"margin":"5 0 0 0","collapsible":false,"checkboxToggle":false,"collapsed":false}'),
(1553, '1178', '{"fieldLabel":"Insurance POL\\/GRP","labelWidth":150,"hideLabel":false,"layout":"hbox","width":590,"margin":"5 0 0 0","collapsible":false,"checkboxToggle":false,"collapsed":false}'),
(1555, '1180', '{"fieldLabel":"Type","emptyText":"Type","hideLabel":true,"width":140,"collapsible":false,"checkboxToggle":false,"collapsed":false,"name":"insurance_type","list_id":96}'),
(1556, '1181', '{"fieldLabel":"Administer By","labelWidth":150,"hideLabel":false,"name":"administer_by"}'),
(1557, '1182', '{"title":"Notes","collapsible":false,"checkboxToggle":false,"collapsed":false}'),
(1558, '1183', '{"fieldLabel":"Notes","hideLabel":true,"anchor":"100%","grow":true,"name":"notes"}'),
(1560, '1185', '{"fieldLabel":"Referral Date","hideLabel":false,"name":"referral_date"}'),
(1561, '1186', '{"fieldLabel":"Refer By","hideLabel":false,"name":"refer_by","list_id":"activeProviders"}'),
(1562, '1187', '{"fieldLabel":"External Referral","hideLabel":false,"boxLabel":"?","name":"is_external_referral"}'),
(1563, '1188', '{"fieldLabel":"Reason","hideLabel":false,"grow":false,"name":"referal_reason"}'),
(1564, '1189', '{"fieldLabel":"Driver Lic.\\/Sate\\/Exp. Date","labelWidth":149,"hideLabel":false,"layout":"hbox","width":660}'),
(1565, '1190', '{"fieldLabel":"Driver Lic. State","hideLabel":true,"width":175,"margin":"0 5 0 0","name":"drivers_license_state","list_id":20}'),
(1566, '1191', '{"fieldLabel":"Driver Lic. Exp","hideLabel":true,"width":140,"margin":"0 5 0 0","name":"drivers_license_exp"}'),
(1567, '1192', '{"fieldLabel":"Extermal IDs Rec#\\/Acc#","labelWidth":149,"hideLabel":false,"layout":"hbox","width":660}'),
(1568, '1193', '{"fieldLabel":"External Acc#","emptyText":"External Acc#","hideLabel":true,"width":175,"name":"pubaccount"}'),
(1569, '1194', '{"title":"Additional Info.","layout":"column","collapsible":true,"checkboxToggle":false,"collapsed":false}'),
(1570, '1195', '{"fieldLabel":"Birth Place","labelWidth":149,"hideLabel":false,"width":350,"name":"birth_place"}'),
(1571, '1196', '{"fieldLabel":"Muiltiple Birth","hideLabel":true,"margin":"0 10 5 0","boxLabel":" ","name":"birth_multiple"}'),
(1572, '1197', '{"fieldLabel":"Order","labelWidth":50,"hideLabel":false,"width":165,"value":1,"maxValue":15,"minValue":1,"name":"birth_order"}'),
(1573, '1198', '{"fieldLabel":"Veteran","hideLabel":false,"width":300,"boxLabel":"Yes","name":"is_veteran","list_id":103}'),
(1574, '1199', '{"fieldLabel":"Deceased","labelWidth":149,"hideLabel":false,"width":350,"boxLabel":"Yes","name":"deceased","list_id":103}'),
(1575, '1200', '{"fieldLabel":"Death Date","labelWidth":149,"hideLabel":false,"width":350,"margin":"0 5 5 0","name":"death_date"}'),
(1576, '1201', '{"fieldLabel":"Alias Name","labelWidth":149,"hideLabel":false,"width":350,"name":"alias"}'),
(1577, '1202', '{"fieldLabel":"Multiple Birth","labelWidth":149,"hideLabel":false,"layout":"hbox","width":350}'),
(1578, '1203', '{"fieldLabel":"Citizenship","labelWidth":149,"hideLabel":false,"width":350,"name":"citizenship","list_id":104}'),
(1579, '1204', '{"fieldLabel":"Left Column","hideLabel":true,"width":370}'),
(1580, '1205', '{"fieldLabel":"Right Column","hideLabel":true}'),
(1581, '1206', '{"fieldLabel":"Primary Facility","hideLabel":false,"width":300,"name":"primary_facility","list_id":"activeFacilities"}'),
(1582, '1207', '{"fieldLabel":"Primary Provider","hideLabel":false,"width":300,"name":"primary_provider","list_id":"activeProviders"}'),
(1583, '1208', '{"fieldLabel":"Tuberculosis","hideLabel":true,"boxLabel":"Tuberculosis","name":"tuberculosis"}'),
(1584, '1209', '{"fieldLabel":"Emphysema","hideLabel":true,"boxLabel":"Emphysema","name":"emphysema"}'),
(1585, '1210', '{"fieldLabel":"Asthma","hideLabel":true,"boxLabel":"Asthma","name":"asthma"}'),
(1586, '1211', '{"title":"Respiratory","collapsible":false,"checkboxToggle":false,"collapsed":false}'),
(1587, '1212', '{"title":"Cardiovascular","collapsible":false,"checkboxToggle":false,"collapsed":false}'),
(1588, '1213', '{"fieldLabel":"Hypertension","hideLabel":true,"boxLabel":"Hypertension","code":"SNOMED:38341003","name":"hypertension"}'),
(1589, '1214', '{"fieldLabel":"Heart Murmur","hideLabel":true,"boxLabel":"Heart Murmur","code":"SNOMED:88610006","name":"heart_murmur"}'),
(1590, '1215', '{"fieldLabel":"Rheumatic Fever","hideLabel":true,"boxLabel":"Rheumatic Fever","code":"SNOMED:58718002","name":"rheumatic_fever"}'),
(1591, '1216', '{"fieldLabel":"Heart Attak","hideLabel":true,"boxLabel":"Heart Attak","code":"SNOMED:22298006","name":"heart_attak"}'),
(1592, '1217', '{"fieldLabel":"Angina (Chest Pain)","hideLabel":true,"boxLabel":"Angina (Chest Pain)","code":"SNOMED:275121006","name":"angina"}'),
(1593, '1218', '{"fieldLabel":"Stroke","hideLabel":true,"boxLabel":"Stroke","code":"SNOMED:275104002","name":"stroke"}'),
(1594, '1219', '{"fieldLabel":"High Cholesterol","hideLabel":true,"boxLabel":"High Cholesterol","name":"high_cholesterol"}'),
(1595, '1220', '{"fieldLabel":"Vascular Graft","hideLabel":true,"boxLabel":"Vascular Graft","name":"vascular_graft"}'),
(1596, '1221', '{"fieldLabel":"Mitral Valve Prolapse","hideLabel":true,"boxLabel":"Mitral Valve Prolapse","name":"mitral_valve_prolapse"}'),
(1597, '1222', '{"title":"GI\\/GU","collapsible":false,"checkboxToggle":false,"collapsed":false}'),
(1598, '1223', '{"fieldLabel":"Hepatitis A","hideLabel":true,"boxLabel":"Hepatitis A","name":"hepatitis_a"}'),
(1599, '1224', '{"fieldLabel":"Hepatitis B","hideLabel":true,"boxLabel":"Hepatitis B","name":"hepatitis_b"}'),
(1600, '1225', '{"fieldLabel":"Hepatitis C","hideLabel":true,"boxLabel":"Hepatitis C","name":"hepatitis_c"}'),
(1601, '1226', '{"fieldLabel":"Kidney","hideLabel":true,"boxLabel":"Kidney","name":"kidney"}'),
(1602, '1227', '{"fieldLabel":"STDs","hideLabel":true,"boxLabel":"STDs","name":"std"}'),
(1603, '1228', '{"fieldLabel":"Ulcers","hideLabel":true,"boxLabel":"Ulcers","name":"ulcers"}'),
(1604, '1229', '{"title":"Endocrine\\/Hemoatologic\\/Oncologic\\/Immune","collapsible":false,"checkboxToggle":false,"collapsed":false}'),
(1605, '1230', '{"fieldLabel":"Diabetes","hideLabel":true,"boxLabel":"Diabetes","name":"diabetes"}'),
(1606, '1231', '{"fieldLabel":"Thyroid","hideLabel":true,"boxLabel":"Thyroid","code":"SNOMED:160302006","name":"thyroid"}'),
(1607, '1232', '{"fieldLabel":"Hemophilia","hideLabel":true,"boxLabel":"Hemophilia","name":"hemophilia"}'),
(1608, '1233', '{"fieldLabel":"Anemia","hideLabel":true,"boxLabel":"Anemia","name":"anemia"}'),
(1609, '1234', '{"fieldLabel":"Cancer","hideLabel":true,"boxLabel":"Cancer","code":"SNOMED:275937001","name":"cancer"}'),
(1610, '1235', '{"fieldLabel":"HIV\\/AIDS","hideLabel":true,"boxLabel":"HIV\\/AIDS","name":"hiv_aids"}'),
(1611, '1236', '{"title":"Musculo-Skeletal\\/CNS","collapsible":false,"checkboxToggle":false,"collapsed":false}'),
(1612, '1237', '{"fieldLabel":"Osteoarthritis","hideLabel":true,"boxLabel":"Osteoarthritis","name":"osteoarthritis"}'),
(1613, '1238', '{"fieldLabel":"Rheumatoid Arthritis","hideLabel":true,"boxLabel":"Rheumatoid Arthritis","name":"rheumatoid_arthritis"}'),
(1614, '1239', '{"fieldLabel":"Seizures","hideLabel":true,"boxLabel":"Seizures","name":"seizures"}'),
(1615, '1240', '{"fieldLabel":"Dementia","hideLabel":true,"boxLabel":"Dementia","name":"dementia"}'),
(1616, '1241', '{"title":"Social","collapsible":false,"checkboxToggle":false,"collapsed":false}'),
(1617, '1242', '{"fieldLabel":"Anxiety","hideLabel":true,"boxLabel":"Anxiety","name":"anxiety"}'),
(1618, '1243', '{"fieldLabel":"Depression","hideLabel":true,"boxLabel":"Depression","name":"depression"}'),
(1619, '1244', '{"fieldLabel":"Eating Disorder","hideLabel":true,"boxLabel":"Eating Disorder","name":"eating_disorder"}'),
(1620, '1245', '{"fieldLabel":"Insurance","hideLabel":true,"layout":"hbox","width":590,"margin":"5 0 0 0"}'),
(1621, '1246', '{"fieldLabel":"Expiration Date","emptyText":"Expiration Date","hideLabel":true,"width":140,"name":"expiration_date"}'),
(1622, '1247', '{"fieldLabel":"Notes","labelWidth":150,"hideLabel":false,"width":585,"margin":"5 0 0 0","grow":false,"name":"notes"}'),
(1623, '1248', '{"fieldLabel":"Provider","labelWidth":120,"hideLabel":false,"width":310,"allowBlank":false,"name":"provider_uid","list_id":"activeProviders","itemId":"EncounterProviderCmb"}'),
(1624, '1249', '{"fieldLabel":"Address Cont.","labelWidth":149,"hideLabel":false,"width":530,"maxLength":35,"name":"address_cont"}'),
(1625, '1250', '{"fieldLabel":"Work Phone","labelWidth":149,"hideLabel":false,"layout":"hbox"}'),
(1626, '1251', '{"fieldLabel":"ext.","labelWidth":30,"hideLabel":false,"width":100,"margin":" 0 0 5 10","maxLength":6,"name":"work_phone_ext"}'),
(1627, '1252', '{"fieldLabel":"Patient Class","labelWidth":120,"hideLabel":false,"width":310,"name":"patient_class","list_id":126}'),
(1628, '1253', '{"fieldLabel":"Ref. Physician","labelWidth":120,"hideLabel":false,"width":310,"name":"referring_physician","list_id":15}'),
(1629, '1254', '{"fieldLabel":"Technician","labelWidth":120,"hideLabel":false,"width":310,"name":"technician_uid","list_id":"activeProviders"}'),
(1630, '1255', '{"fieldLabel":"Insurance Covers","labelWidth":150,"hideLabel":false,"layout":"hbox","width":590,"margin":"5 0 0 0"}'),
(1631, '1256', '{"fieldLabel":"Cover Medical","emptyText":"Medical","hideLabel":true,"width":140,"margin":"0 5 0 0","name":"cover_medical"}'),
(1632, '1257', '{"fieldLabel":"Cover Dental","emptyText":"Dental","hideLabel":true,"width":140,"name":"cover_dental"}'),
(1633, '1258', '{"fieldLabel":"Subscriber Cont.","labelWidth":150,"hideLabel":false,"layout":"hbox","width":590,"margin":"5 0 0 0"}'),
(1634, '1259', '{"fieldLabel":"Subscriber Sex","emptyText":"Sex","hideLabel":true,"width":140,"name":"subscriber_sex","list_id":95}'),
(1635, '1260', '{"fieldLabel":"Policy Number","emptyText":"Policy Number","hideLabel":true,"width":140,"margin":"0 5 0 0","name":"policy_number"}');

INSERT INTO `forms_layout` (`id`, `name`, `form_data`, `model`, `active`) VALUES
(1, 'Demographics', 'patient_demographics', 'App.model.patient.Patient', 1),
(2, 'Referrals', 'patient_referrals', 'App.model.patient.Referral', 0),
(4, 'Vitals', 'encounter_vitals', 'App.model.patient.Vitals', 1),
(5, 'New Encounter', 'encounters', 'App.model.patient.Encounter', 1),
(6, 'SOAP', 'encounter_soap', 'App.model.patient.SOAP', 1),
(7, 'Speech Dictation', 'encounter_dictation', '', 0),
(8, 'Review of Systems', 'encounter_review_of_systems', 'App.model.patient.ReviewOfSystems', 1),
(9, 'Review of Systems Check', 'encounter_review_of_systems_check', '', 0),
(10, 'HCFA 1500 Options', 'encounter_hcfa_1500_options', 'App.model.patient.HCFAOptions', 1),
(11, 'Insurance', 'patient_insurances', 'App.model.patient.Insurance', 1),
(12, 'Family History', 'patient_family_history', 'App.model.patient.FamilyHistory', 1);

INSERT INTO `geo_country_reference` (`countries_id`, `countries_name`, `countries_iso_code_2`, `countries_iso_code_3`) VALUES
(1, 'Afghanistan', 'AF', 'AFG'),
(2, 'Albania', 'AL', 'ALB'),
(3, 'Algeria', 'DZ', 'DZA'),
(4, 'American Samoa', 'AS', 'ASM'),
(5, 'Andorra', 'AD', 'AND'),
(6, 'Angola', 'AO', 'AGO'),
(7, 'Anguilla', 'AI', 'AIA'),
(8, 'Antarctica', 'AQ', 'ATA'),
(9, 'Antigua and Barbuda', 'AG', 'ATG'),
(10, 'Argentina', 'AR', 'ARG'),
(11, 'Armenia', 'AM', 'ARM'),
(12, 'Aruba', 'AW', 'ABW'),
(13, 'Australia', 'AU', 'AUS'),
(14, 'Austria', 'AT', 'AUT'),
(15, 'Azerbaijan', 'AZ', 'AZE'),
(16, 'Bahamas', 'BS', 'BHS'),
(17, 'Bahrain', 'BH', 'BHR'),
(18, 'Bangladesh', 'BD', 'BGD'),
(19, 'Barbados', 'BB', 'BRB'),
(20, 'Belarus', 'BY', 'BLR'),
(21, 'Belgium', 'BE', 'BEL'),
(22, 'Belize', 'BZ', 'BLZ'),
(23, 'Benin', 'BJ', 'BEN'),
(24, 'Bermuda', 'BM', 'BMU'),
(25, 'Bhutan', 'BT', 'BTN'),
(26, 'Bolivia', 'BO', 'BOL'),
(27, 'Bosnia and Herzegowina', 'BA', 'BIH'),
(28, 'Botswana', 'BW', 'BWA'),
(29, 'Bouvet Island', 'BV', 'BVT'),
(30, 'Brazil', 'BR', 'BRA'),
(31, 'British Indian Ocean Territory', 'IO', 'IOT'),
(32, 'Brunei Darussalam', 'BN', 'BRN'),
(33, 'Bulgaria', 'BG', 'BGR'),
(34, 'Burkina Faso', 'BF', 'BFA'),
(35, 'Burundi', 'BI', 'BDI'),
(36, 'Cambodia', 'KH', 'KHM'),
(37, 'Cameroon', 'CM', 'CMR'),
(38, 'Canada', 'CA', 'CAN'),
(39, 'Cape Verde', 'CV', 'CPV'),
(40, 'Cayman Islands', 'KY', 'CYM'),
(41, 'Central African Republic', 'CF', 'CAF'),
(42, 'Chad', 'TD', 'TCD'),
(43, 'Chile', 'CL', 'CHL'),
(44, 'China', 'CN', 'CHN'),
(45, 'Christmas Island', 'CX', 'CXR'),
(46, 'Cocos (Keeling) Islands', 'CC', 'CCK'),
(47, 'Colombia', 'CO', 'COL'),
(48, 'Comoros', 'KM', 'COM'),
(49, 'Congo', 'CG', 'COG'),
(50, 'Cook Islands', 'CK', 'COK'),
(51, 'Costa Rica', 'CR', 'CRI'),
(52, 'Cote D Ivoire', 'CI', 'CIV'),
(53, 'Croatia', 'HR', 'HRV'),
(54, 'Cuba', 'CU', 'CUB'),
(55, 'Cyprus', 'CY', 'CYP'),
(56, 'Czech Republic', 'CZ', 'CZE'),
(57, 'Denmark', 'DK', 'DNK'),
(58, 'Djibouti', 'DJ', 'DJI'),
(59, 'Dominica', 'DM', 'DMA'),
(60, 'Dominican Republic', 'DO', 'DOM'),
(61, 'East Timor', 'TP', 'TMP'),
(62, 'Ecuador', 'EC', 'ECU'),
(63, 'Egypt', 'EG', 'EGY'),
(64, 'El Salvador', 'SV', 'SLV'),
(65, 'Equatorial Guinea', 'GQ', 'GNQ'),
(66, 'Eritrea', 'ER', 'ERI'),
(67, 'Estonia', 'EE', 'EST'),
(68, 'Ethiopia', 'ET', 'ETH'),
(69, 'Falkland Islands (Malvinas)', 'FK', 'FLK'),
(70, 'Faroe Islands', 'FO', 'FRO'),
(71, 'Fiji', 'FJ', 'FJI'),
(72, 'Finland', 'FI', 'FIN'),
(73, 'France', 'FR', 'FRA'),
(74, 'France, MEtropolitan', 'FX', 'FXX'),
(75, 'French Guiana', 'GF', 'GUF'),
(76, 'French Polynesia', 'PF', 'PYF'),
(77, 'French Southern Territories', 'TF', 'ATF'),
(78, 'Gabon', 'GA', 'GAB'),
(79, 'Gambia', 'GM', 'GMB'),
(80, 'Georgia', 'GE', 'GEO'),
(81, 'Germany', 'DE', 'DEU'),
(82, 'Ghana', 'GH', 'GHA'),
(83, 'Gibraltar', 'GI', 'GIB'),
(84, 'Greece', 'GR', 'GRC'),
(85, 'Greenland', 'GL', 'GRL'),
(86, 'Grenada', 'GD', 'GRD'),
(87, 'Guadeloupe', 'GP', 'GLP'),
(88, 'Guam', 'GU', 'GUM'),
(89, 'Guatemala', 'GT', 'GTM'),
(90, 'Guinea', 'GN', 'GIN'),
(91, 'Guinea-bissau', 'GW', 'GNB'),
(92, 'Guyana', 'GY', 'GUY'),
(93, 'Haiti', 'HT', 'HTI'),
(94, 'Heard and Mc Donald Islands', 'HM', 'HMD'),
(95, 'Honduras', 'HN', 'HND'),
(96, 'Hong Kong', 'HK', 'HKG'),
(97, 'Hungary', 'HU', 'HUN'),
(98, 'Iceland', 'IS', 'ISL'),
(99, 'India', 'IN', 'IND'),
(100, 'Indonesia', 'ID', 'IDN'),
(101, 'Iran (Islamic Republic of)', 'IR', 'IRN'),
(102, 'Iraq', 'IQ', 'IRQ'),
(103, 'Ireland', 'IE', 'IRL'),
(104, 'Israel', 'IL', 'ISR'),
(105, 'Italy', 'IT', 'ITA'),
(106, 'Jamaica', 'JM', 'JAM'),
(107, 'Japan', 'JP', 'JPN'),
(108, 'Jordan', 'JO', 'JOR'),
(109, 'Kazakhstan', 'KZ', 'KAZ'),
(110, 'Kenya', 'KE', 'KEN'),
(111, 'Kiribati', 'KI', 'KIR'),
(112, 'Korea, Democratic Peoples Republic of', 'KP', 'PRK'),
(113, 'Korea, Republic of', 'KR', 'KOR'),
(114, 'Kuwait', 'KW', 'KWT'),
(115, 'Kyrgyzstan', 'KG', 'KGZ'),
(116, 'Lao Peoples Democratic Republic', 'LA', 'LAO'),
(117, 'Latvia', 'LV', 'LVA'),
(118, 'Lebanon', 'LB', 'LBN'),
(119, 'Lesotho', 'LS', 'LSO'),
(120, 'Liberia', 'LR', 'LBR'),
(121, 'Libyan Arab Jamahiriya', 'LY', 'LBY'),
(122, 'Liechtenstein', 'LI', 'LIE'),
(123, 'Lithuania', 'LT', 'LTU'),
(124, 'Luxembourg', 'LU', 'LUX'),
(125, 'Macau', 'MO', 'MAC'),
(126, 'Macedonia, The Former Yugoslav Republic of', 'MK', 'MKD'),
(127, 'Madagascar', 'MG', 'MDG'),
(128, 'Malawi', 'MW', 'MWI'),
(129, 'Malaysia', 'MY', 'MYS'),
(130, 'Maldives', 'MV', 'MDV'),
(131, 'Mali', 'ML', 'MLI'),
(132, 'Malta', 'MT', 'MLT'),
(133, 'Marshall Islands', 'MH', 'MHL'),
(134, 'Martinique', 'MQ', 'MTQ'),
(135, 'Mauritania', 'MR', 'MRT'),
(136, 'Mauritius', 'MU', 'MUS'),
(137, 'Mayotte', 'YT', 'MYT'),
(138, 'Mexico', 'MX', 'MEX'),
(139, 'Micronesia, Federated States of', 'FM', 'FSM'),
(140, 'Moldova, Republic of', 'MD', 'MDA'),
(141, 'Monaco', 'MC', 'MCO'),
(142, 'Mongolia', 'MN', 'MNG'),
(143, 'Montserrat', 'MS', 'MSR'),
(144, 'Morocco', 'MA', 'MAR'),
(145, 'Mozambique', 'MZ', 'MOZ'),
(146, 'Myanmar', 'MM', 'MMR'),
(147, 'Namibia', 'NA', 'NAM'),
(148, 'Nauru', 'NR', 'NRU'),
(149, 'Nepal', 'NP', 'NPL'),
(150, 'Netherlands', 'NL', 'NLD'),
(151, 'Netherlands Antilles', 'AN', 'ANT'),
(152, 'New Caledonia', 'NC', 'NCL'),
(153, 'New Zealand', 'NZ', 'NZL'),
(154, 'Nicaragua', 'NI', 'NIC'),
(155, 'Niger', 'NE', 'NER'),
(156, 'Nigeria', 'NG', 'NGA'),
(157, 'Niue', 'NU', 'NIU'),
(158, 'Norfolk Island', 'NF', 'NFK'),
(159, 'Northern Mariana Islands', 'MP', 'MNP'),
(160, 'Norway', 'NO', 'NOR'),
(161, 'Oman', 'OM', 'OMN'),
(162, 'Pakistan', 'PK', 'PAK'),
(163, 'Palau', 'PW', 'PLW'),
(164, 'Panama', 'PA', 'PAN'),
(165, 'Papua New Guinea', 'PG', 'PNG'),
(166, 'Paraguay', 'PY', 'PRY'),
(167, 'Peru', 'PE', 'PER'),
(168, 'Philippines', 'PH', 'PHL'),
(169, 'Pitcairn', 'PN', 'PCN'),
(170, 'Poland', 'PL', 'POL'),
(171, 'Portugal', 'PT', 'PRT'),
(172, 'Puerto Rico', 'PR', 'PRI'),
(173, 'Qatar', 'QA', 'QAT'),
(174, 'Reunion', 'RE', 'REU'),
(175, 'Romania', 'RO', 'ROM'),
(176, 'Russian Federation', 'RU', 'RUS'),
(177, 'Rwanda', 'RW', 'RWA'),
(178, 'Saint Kitts and Nevis', 'KN', 'KNA'),
(179, 'Saint Lucia', 'LC', 'LCA'),
(180, 'Saint Vincent and the Grenadines', 'VC', 'VCT'),
(181, 'Samoa', 'WS', 'WSM'),
(182, 'San Marino', 'SM', 'SMR'),
(183, 'Sao Tome and Principe', 'ST', 'STP'),
(184, 'Saudi Arabia', 'SA', 'SAU'),
(185, 'Senegal', 'SN', 'SEN'),
(186, 'Seychelles', 'SC', 'SYC'),
(187, 'Sierra Leone', 'SL', 'SLE'),
(188, 'Singapore', 'SG', 'SGP'),
(189, 'Slovakia (Slovak Republic)', 'SK', 'SVK'),
(190, 'Slovenia', 'SI', 'SVN'),
(191, 'Solomon Islands', 'SB', 'SLB'),
(192, 'Somalia', 'SO', 'SOM'),
(193, 'south Africa', 'ZA', 'ZAF'),
(194, 'South Georgia and the South Sandwich Islands', 'GS', 'SGS'),
(195, 'Spain', 'ES', 'ESP'),
(196, 'Sri Lanka', 'LK', 'LKA'),
(197, 'St. Helena', 'SH', 'SHN'),
(198, 'St. Pierre and Miquelon', 'PM', 'SPM'),
(199, 'Sudan', 'SD', 'SDN'),
(200, 'Suriname', 'SR', 'SUR'),
(201, 'Svalbard and Jan Mayen Islands', 'SJ', 'SJM'),
(202, 'Swaziland', 'SZ', 'SWZ'),
(203, 'Sweden', 'SE', 'SWE'),
(204, 'Switzerland', 'CH', 'CHE'),
(205, 'Syrian Arab Republic', 'SY', 'SYR'),
(206, 'Taiwan, Province of China', 'TW', 'TWN'),
(207, 'Tajikistan', 'TJ', 'TJK'),
(208, 'Tanzania, United Republic of', 'TZ', 'TZA'),
(209, 'Thailand', 'TH', 'THA'),
(210, 'Togo', 'TG', 'TGO'),
(211, 'Tokelau', 'TK', 'TKL'),
(212, 'Tonga', 'TO', 'TON'),
(213, 'Trinidad and Tobago', 'TT', 'TTO'),
(214, 'Tunisia', 'TN', 'TUN'),
(215, 'Turkey', 'TR', 'TUR'),
(216, 'Turkmenistan', 'TM', 'TKM'),
(217, 'Turks and Caicos Islands', 'TC', 'TCA'),
(218, 'Tuvalu', 'TV', 'TUV'),
(219, 'Uganda', 'UG', 'UGA'),
(220, 'Ukraine', 'UA', 'UKR'),
(221, 'United Arab Emirates', 'AE', 'ARE'),
(222, 'United Kingdom', 'GB', 'GBR'),
(223, 'United States', 'US', 'USA'),
(224, 'United States Minor Outlying Islands', 'UM', 'UMI'),
(225, 'Uruguay', 'UY', 'URY'),
(226, 'Uzbekistan', 'UZ', 'UZB'),
(227, 'Vanuatu', 'VU', 'VUT'),
(228, 'Vatican City State (Holy See)', 'VA', 'VAT'),
(229, 'Venezuela', 'VE', 'VEN'),
(230, 'Viet Nam', 'VN', 'VNM'),
(231, 'Virgin Islands (British)', 'VG', 'VGB'),
(232, 'Virgin Islands (U.S.)', 'VI', 'VIR'),
(233, 'Wallis and Futuna Islands', 'WF', 'WLF'),
(234, 'Western Sahara', 'EH', 'ESH'),
(235, 'Yemen', 'YE', 'YEM'),
(236, 'Yugoslavia', 'YU', 'YUG'),
(237, 'Zaire', 'ZR', 'ZAR'),
(238, 'Zambia', 'ZM', 'ZMB'),
(239, 'Zimbabwe', 'ZW', 'ZWE');

INSERT INTO `geo_zone_reference` (`zone_id`, `zone_country_id`, `zone_code`, `zone_name`) VALUES
(1, 223, 'AL', 'Alabama'),
(2, 223, 'AK', 'Alaska'),
(3, 223, 'AS', 'American Samoa'),
(4, 223, 'AZ', 'Arizona'),
(5, 223, 'AR', 'Arkansas'),
(6, 223, 'AF', 'Armed Forces Africa'),
(7, 223, 'AA', 'Armed Forces Americas'),
(8, 223, 'AC', 'Armed Forces Canada'),
(9, 223, 'AE', 'Armed Forces Europe'),
(10, 223, 'AM', 'Armed Forces Middle East'),
(11, 223, 'AP', 'Armed Forces Pacific'),
(12, 223, 'CA', 'California'),
(13, 223, 'CO', 'Colorado'),
(14, 223, 'CT', 'Connecticut'),
(15, 223, 'DE', 'Delaware'),
(16, 223, 'DC', 'District of Columbia'),
(17, 223, 'FM', 'Federated States Of Micronesia'),
(18, 223, 'FL', 'Florida'),
(19, 223, 'GA', 'Georgia'),
(20, 223, 'GU', 'Guam'),
(21, 223, 'HI', 'Hawaii'),
(22, 223, 'ID', 'Idaho'),
(23, 223, 'IL', 'Illinois'),
(24, 223, 'IN', 'Indiana'),
(25, 223, 'IA', 'Iowa'),
(26, 223, 'KS', 'Kansas'),
(27, 223, 'KY', 'Kentucky'),
(28, 223, 'LA', 'Louisiana'),
(29, 223, 'ME', 'Maine'),
(30, 223, 'MH', 'Marshall Islands'),
(31, 223, 'MD', 'Maryland'),
(32, 223, 'MA', 'Massachusetts'),
(33, 223, 'MI', 'Michigan'),
(34, 223, 'MN', 'Minnesota'),
(35, 223, 'MS', 'Mississippi'),
(36, 223, 'MO', 'Missouri'),
(37, 223, 'MT', 'Montana'),
(38, 223, 'NE', 'Nebraska'),
(39, 223, 'NV', 'Nevada'),
(40, 223, 'NH', 'New Hampshire'),
(41, 223, 'NJ', 'New Jersey'),
(42, 223, 'NM', 'New Mexico'),
(43, 223, 'NY', 'New York'),
(44, 223, 'NC', 'North Carolina'),
(45, 223, 'ND', 'North Dakota'),
(46, 223, 'MP', 'Northern Mariana Islands'),
(47, 223, 'OH', 'Ohio'),
(48, 223, 'OK', 'Oklahoma'),
(49, 223, 'OR', 'Oregon'),
(50, 223, 'PW', 'Palau'),
(51, 223, 'PA', 'Pennsylvania'),
(52, 223, 'PR', 'Puerto Rico'),
(53, 223, 'RI', 'Rhode Island'),
(54, 223, 'SC', 'South Carolina'),
(55, 223, 'SD', 'South Dakota'),
(56, 223, 'TN', 'Tenessee'),
(57, 223, 'TX', 'Texas'),
(58, 223, 'UT', 'Utah'),
(59, 223, 'VT', 'Vermont'),
(60, 223, 'VI', 'Virgin Islands'),
(61, 223, 'VA', 'Virginia'),
(62, 223, 'WA', 'Washington'),
(63, 223, 'WV', 'West Virginia'),
(64, 223, 'WI', 'Wisconsin'),
(65, 223, 'WY', 'Wyoming'),
(66, 38, 'AB', 'Alberta'),
(67, 38, 'BC', 'British Columbia'),
(68, 38, 'MB', 'Manitoba'),
(69, 38, 'NF', 'Newfoundland'),
(70, 38, 'NB', 'New Brunswick'),
(71, 38, 'NS', 'Nova Scotia'),
(72, 38, 'NT', 'Northwest Territories'),
(73, 38, 'NU', 'Nunavut'),
(74, 38, 'ON', 'Ontario'),
(75, 38, 'PE', 'Prince Edward Island'),
(76, 38, 'QC', 'Quebec'),
(77, 38, 'SK', 'Saskatchewan'),
(78, 38, 'YT', 'Yukon Territory'),
(79, 61, 'QLD', 'Queensland'),
(80, 61, 'SA', 'South Australia'),
(81, 61, 'ACT', 'Australian Capital Territory'),
(82, 61, 'VIC', 'Victoria'),
(83, 62, 'PR', 'Puerto Rico');

INSERT INTO `globals` (`id`, `gl_name`, `gl_index`, `gl_value`, `gl_category`) VALUES
  (1, 'activate_ccr_ccd_report', 0, '0', 'Reports'),
  (3, 'atna_audit_cacert', 0, '', 'Audit'),
  (4, 'atna_audit_host', 0, '', 'Audit'),
  (5, 'atna_audit_localcert', 0, '', 'Audit'),
  (6, 'atna_audit_port', 0, '6514', 'Audit'),
  (7, 'audit_events_backup', 0, '0', 'Audit'),
  (8, 'audit_events_order', 0, '0', 'Audit'),
  (9, 'audit_events_other', 0, '0', 'Audit'),
  (10, 'audit_events_patient-record', 0, '', 'Audit'),
  (11, 'audit_events_query', 0, '0', 'Audit'),
  (12, 'audit_events_scheduling', 0, '0', 'Audit'),
  (13, 'audit_events_security-administration', 0, '', 'Audit'),
  (14, 'autosave', 0, '1', 'General'),
  (19, 'certificate_authority_crt', 0, '', 'Security'),
  (20, 'certificate_authority_key', 0, '', 'Security'),
  (21, 'client_certificate_valid_in_days', 0, '365', 'Security'),
  (23, 'country_data_type', 0, '26', 'Locale'),
  (24, 'country_list', 0, 'country', 'Locale'),
  (25, 'css_header', 0, 'ext-all-gray.css', 'General'),
  (26, 'currency_decimals', 0, '2', 'Locale'),
  (27, 'currency_dec_point', 0, '.', 'Locale'),
  (28, 'currency_thousands_sep', 0, ',', 'Locale'),
  (29, 'date_display_format', 0, 'Y-m-d', 'Locale'),
  (30, 'default_chief_complaint', 0, '', 'Clinical'),
  (42, 'EMAIL_METHOD', 0, 'SMTP', 'Email'),
  (43, 'EMAIL_NOTIFICATION_HOUR', 0, '50', 'Email'),
  (45, 'enable_atna_audit', 0, '0', 'Audit'),
  (46, 'enable_auditlog', 0, '0', 'Audit'),
  (47, 'enable_hylafax', 0, '0', 'Fax/Scanner'),
  (48, 'enable_scanner', 0, '0', 'Fax/Scanner'),
  (50, 'fullname', 0, '1', 'Locale'),
  (52, 'gbl_currency_symbol', 0, '$', 'Locale'),
  (53, 'gbl_mask_invoice_number', 0, '', 'General'),
  (54, 'gbl_mask_patient_id', 0, '', 'General'),
  (55, 'gbl_mask_product_id', 0, '', 'General'),
  (56, 'gbl_nav_area_width', 0, '200', 'General'),
  (57, 'gbl_visit_referral_source', 0, '0', 'General'),
  (58, 'hylafax_basedir', 0, '/var/spool/fax', 'Fax/Scanner'),
  (59, 'hylafax_enscript', 0, 'enscript -M Letter -B -e^ --margins=36:36:36:36', 'Fax/Scanner'),
  (60, 'hylafax_server', 0, 'localhost', 'Fax/Scanner'),
  (62, 'inhouse_pharmacy', 0, '', 'General'),
  (63, 'is_client_ssl_enabled', 0, '0', 'Security'),
  (64, 'language_default', 0, 'en_US', 'Locale'),
  (66, 'main_navigation_menu_left', 0, 'west', 'General'),
  (72, 'password_expiration_days', 0, '0', 'General'),
  (79, 'phone_country_code', 0, '1', 'Locale'),
  (82, 'print_command', 0, 'lpr -P HPLaserjet6P -o cpi=10 -o lpi=6 -o page-left=72 -o page-top=72', 'Fax/Scanner'),
  (84, 'scanner_output_directory', 0, '/mnt/scan_docs', 'Fax/Scanner'),
  (93, 'SMS_GATEWAY_APIKEY', 0, '', 'Email'),
  (94, 'SMS_GATEWAY_PASSWORD', 0, '', 'Email'),
  (95, 'SMS_GATEWAY_USENAME', 0, '', 'Email'),
  (96, 'SMS_NOTIFICATION_HOUR', 0, '50', 'Email'),
  (97, 'SMTP_HOST', 0, 'localhost', 'Email'),
  (98, 'SMTP_PASS', 0, '', 'Email'),
  (99, 'SMTP_PORT', 0, '25', 'Email'),
  (100, 'SMTP_USER', 0, '', 'Email'),
  (107, 'timeout', 0, '15', 'General'),
  (108, 'time_display_format', 0, 'g:i a', 'Locale'),
  (109, 'enable_poolarea_fade_in_out', 0, '0', 'General'),
  (110, 'enable_encounter_vitals', 0, '1', 'Clinical'),
  (111, 'enable_encounter_soap', 0, '1', 'Clinical'),
  (112, 'enable_encounter_cpt', 0, '1', 'Clinical'),
  (113, 'enable_encounter_hcfa', 0, '1', 'Clinical'),
  (114, 'enable_encounter_history', 0, '1', 'Clinical'),
  (115, 'enable_encounter_items_to_review', 0, '1', 'Clinical'),
  (116, 'enable_encounter_review_of_systems', 0, '1', 'Clinical'),
  (117, 'enable_encounter_review_of_systems_cks', 0, '0', 'Clinical'),
  (118, 'enable_encounter_dictation', 0, '0', 'Clinical'),
  (119, 'enable_document_encryption', 0, '0', 'Security'),
  (120, 'enable_dual_monitor', 0, '0', 'General'),
  (121, 'enable_encounter_soap_templates', 0, '1', 'Clinical'),
  (122, 'dx_code_type', 0, 'ICD10', 'Clinical'),
  (123, 'units_of_measurement', 0, 'standard', 'General'),
  (124, 'enable_encounter_family_history', 0, '1', 'Clinical'),
  (125, 'use_pubid_for_external_comm', 0, '1', 'General'),
  (126, 'enable_clinical_decision_support', 0, '1', 'Clinical'),
  (127, 'compact_demographics', 0, '1', 'Demographics'),
  (128, 'phone_validation_format', 0, '^\\d{3}-\\d{3}-\\d{4}$', 'Locale'),
  (129, 'zipcode_validation_format', 0, '^\\d{5}(?:[-\\s]\\d{4})?$', 'Locale'),
  (130, 'rx_order_number_prefix', 0, 'RX', 'General'),
  (131, 'poolarea_order_by', 0, 'appointment', 'General'),
  (132, 'display_pubpid', 0, '1', 'General');

INSERT INTO `pool_areas` (`id`, `title`, `floor_plan_id`, `facility_id`, `sequence`, `active`) VALUES
(1, 'Check In', NULL, 1, 0, 1),
(2, 'Triage', NULL, 1, 0, 1),
(3, 'Physician', 1, 1, 0, 1),
(4, 'Checkout', NULL, 1, 0, 1),
(5, 'Check In', NULL, 2, 0, 1),
(6, 'Triage', NULL, 2, 0, 1),
(7, 'Physician', 1, 2, 0, 1),
(8, 'Checkout', NULL, 2, 0, 1);

INSERT INTO `soap_snippets` (`id`, `parentId`, `specialty_id`, `index`, `text`, `category`, `leaf`, `title`) VALUES
(1, 'root', '34', 0, 'Catarro', 'objective', NULL, NULL),
(2, '1', '34', 0, 'Paciente tse siente enfermobbbbbbbbbbbbbbhhhhhh', '', 1, NULL),
(3, '1', '34', 1, 'dsddddddddddddd.', '', 1, NULL),
(4, '1', '34', 2, 'sssssssssssssssssssssssssss', NULL, 1, NULL),
(5, 'root', '34', 0, 'enfermo(a)', 'subjective', 0, ''),
(6, '5', '34', 0, 'qqqqqqqqqqqqqqlllllll', '', 1, NULL),
(7, '5', '34', 1, 'eeeeeeeeeeeeeeee ?? rtyuioiuytrdfghjk', '', 1, 'With Title Test'),
(8, '5', '34', 2, 'rrrrrrrrrrrrrrrrrrrrrr', NULL, 1, NULL),
(9, '5', '34', 4, 'esto es un test', '', 1, ''),
(10, '5', '34', 2, 'here is the question ??', '', 1, ''),
(11, '5', '34', 5, 'hello world', '', 1, NULL),
(12, '12', '34', 0, 'poiuytrewq', '', 1, NULL),
(13, '12', '34', 0, 'New Snippet', '', 1, NULL),
(14, '12', '34', 1, 'New Category2', 'subjective', 0, NULL),
(15, '14', '34', 0, 'mnbvcxz', '', 1, NULL),
(16, 'root', '34', 2, 'Dolor de etomago', 'subjective', 0, NULL),
(17, 'root', '34', 1, 'Dolor de cabeza', 'subjective', 0, NULL),
(18, '16', '34', 0, 'New Category 3', 'subjective', 0, NULL),
(19, '18', '34', 0, 'hello', '', 1, NULL),
(20, '16', '34', 1, 'hello world', '', 1, NULL),
(21, '17', '34', 0, 'Un exemple de snippet', '', 1, NULL),
(22, '1', '34', 3, 'qwertyjkhgfdsasc', '', 1, NULL),
(26, '25', '34', 0, 'New Category', 'assessment', 0, NULL),
(27, 'root', '34', 0, 'Assetment Category Test', 'assessment', 0, NULL),
(28, 'root', '34', 0, 'Plan Snippet Category Test', 'plan', 0, NULL),
(29, '27', '34', 0, 'other test', '', 1, NULL),
(30, '28', '34', 0, 'Fulano', '', 1, NULL),
(31, 'root', '34', 1, 'qwerty', 'plan', 0, NULL),
(32, '31', '34', 0, 'qwertuikmnbvderyhjk,mnbv', '', 1, NULL),
(33, '5', '34', 7, 'Delivery', 'subjective', 0, ''),
(34, '17', '34', 1, 'New Snippet', '', 1, NULL),
(35, '5', '34', 8, 'New Category', 'subjective', 0, ''),
(36, '5', '34', 6, 'fulano de tal', '', 1, ''),
(37, '17', '34', 2, 'Agudo en la parte ??', '', 1, ''),
(38, 'root', '34', 3, '', 'subjective', 0, 'Dolor de cuello'),
(39, '38', '34', 0, 'dolor agudo', '', 1, ''),
(40, '17', '34', 3, '', 'subjective', 0, 'Dolor sub cat'),
(41, '33', '34', 0, 'Number of Hours in labor ??', '', 1, ''),
(42, '5', '34', 9, '', 'subjective', 0, 'new gynaecology category');

INSERT INTO `specialties` (`id`, `code`, `title`, `taxonomy`, `modality`, `ges`, `active`, `create_uid`, `update_uid`, `create_date`, `update_date`) VALUES
(1, '0', 'ZZ MASTER', '2085N0700X', 'MST', 'E', 0, 0, 0, '0000-00-00 00:00:00', '0000-00-00 00:00:00'),
(2, '100', '2RX CONV', '2085N0700X', 'RX', 'E', 0, 0, 0, '0000-00-00 00:00:00', '0000-00-00 00:00:00'),
(3, '110', '2RX SONO', '2085N0700X', 'US', 'E', 0, 0, 0, '0000-00-00 00:00:00', '0000-00-00 00:00:00'),
(4, '120', '2RX MAMMOGRAPHY', '2085N0700X', 'MG', 'E', NULL, NULL, NULL, NULL, NULL),
(5, '130', '2RX CT', '2085N0700X', 'CT', 'E', NULL, NULL, NULL, NULL, NULL),
(6, '140', '2RX MRI', '2085N0700X', 'MR', 'E', NULL, NULL, NULL, NULL, NULL),
(7, '150', '2RX DEXA', '2085N0700X', 'DX', 'E', NULL, NULL, NULL, NULL, NULL),
(8, '160', '2RX VASC', '2085N0700X', 'US', 'E', NULL, NULL, NULL, NULL, NULL),
(9, '200', 'MEDICINE', '2085N0700X', 'ME', 'E', NULL, NULL, NULL, NULL, NULL),
(10, '201', 'ALLERGIST', '2085N0700X', 'AL', 'E', NULL, NULL, NULL, NULL, NULL),
(11, '202', 'CARDIOLOGY', '207RC0000X', 'CA', 'E', NULL, NULL, NULL, NULL, NULL),
(12, '203', 'SURGERY', '', 'CI', 'E', NULL, NULL, NULL, NULL, NULL),
(13, '204', 'DERMATOLOGY', '207N00000X', 'DE', 'E', NULL, NULL, NULL, NULL, NULL),
(14, '205', 'ENDOCRINOLOGY', '', 'EN', 'E', NULL, NULL, NULL, NULL, NULL),
(15, '206', 'GASTROENTEROLOGY', '207RG0100X', 'GA', 'E', NULL, NULL, NULL, NULL, NULL),
(16, '207', 'GYNECOLOGY', '207V00000X', 'GO', 'E', NULL, NULL, NULL, NULL, NULL),
(17, '208', 'FAMILY', '207Q00000X', 'FA', 'E', NULL, NULL, NULL, NULL, NULL),
(18, '209', 'INTERNIST', '207R00000X', 'IN', 'E', NULL, NULL, NULL, NULL, NULL),
(19, '210', 'PNEUMOLOGY', '207RP1001X', 'NE', 'E', NULL, NULL, NULL, NULL, NULL),
(20, '211', 'NUTRITIONIST', '', 'NU', 'E', NULL, NULL, NULL, NULL, NULL),
(21, '212', 'OTORRINOLARINGOLOGY', '207Y00000X', 'OT', 'E', NULL, NULL, NULL, NULL, NULL),
(22, '213', 'PEDIATRICS', '208000000X', 'PE', 'E', NULL, NULL, NULL, NULL, NULL),
(23, '214', 'RHEUMATOLOGY', '', 'RE', 'E', NULL, NULL, NULL, NULL, NULL),
(24, '215', 'PSYCHOLOGIST', '103T00000X', 'SI', 'E', NULL, NULL, NULL, NULL, NULL),
(25, '216', 'PSYCHIATRIST', '2084P0800X', 'SQ', 'E', NULL, NULL, NULL, NULL, NULL),
(26, '217', 'PHYSICAL THERAPY', '208100000X', 'TF', 'E', NULL, NULL, NULL, NULL, NULL),
(27, '218', 'ORTHOPEDIC', '', 'OR', 'E', NULL, NULL, NULL, NULL, NULL),
(28, '219', 'PEDIATRIC PULMONOLOGIST', '', 'NP', 'E', NULL, NULL, NULL, NULL, NULL),
(29, '220', 'PEDIATRIC GASTRO', '', 'GP', 'E', NULL, NULL, NULL, NULL, NULL),
(30, '221', 'PODIATRIST', '', 'PO', 'E', NULL, NULL, NULL, NULL, NULL),
(31, '222', 'NEPHROLOGY', '', 'NF', 'E', NULL, NULL, NULL, NULL, NULL),
(32, '223', 'ONCOLOGIST', '', 'ON', 'E', NULL, NULL, NULL, NULL, NULL),
(33, '224', 'PROCTOLOGIST', '207RG0100X', 'PR', 'E', NULL, NULL, NULL, NULL, NULL),
(34, '239', 'GENERAL', '208D00000X', 'GE', 'E', 1, 0, 0, '0000-00-00 00:00:00', '0000-00-00 00:00:00'),
(35, '240', 'NEUROLOGY', '2084N0400X', 'NL', 'E', NULL, NULL, NULL, NULL, NULL),
(36, '241', 'OBSTETRICS', '207V00000X', 'GO', 'E', NULL, NULL, NULL, NULL, NULL),
(37, '242', 'SPEECH PATHOLOGY', '235Z00000X', 'PA', 'E', NULL, NULL, NULL, NULL, NULL),
(38, '243', 'OPTOMETRY', '', 'OP', 'E', NULL, NULL, NULL, NULL, NULL),
(39, '244', 'BARIATIC', '', 'NE', 'E', NULL, NULL, NULL, NULL, NULL),
(40, '245', 'COMMISSION', '', 'CO', 'E', NULL, NULL, NULL, NULL, NULL),
(41, '246', 'CONTROL SNACKS', '', 'NE', 'E', NULL, NULL, NULL, NULL, NULL),
(42, '247', 'OPTICAL', '', 'OP', 'E', NULL, NULL, NULL, NULL, NULL),
(43, '248', 'PHYSICAL MEDICINE', '208100000X', 'FI', 'E', NULL, NULL, NULL, NULL, NULL),
(44, '250', 'WELLNESS', '2085N0700X', 'WL', 'E', NULL, NULL, NULL, NULL, NULL),
(45, '251', 'PREVENTIVE SERVICES', '2085N0700X', 'SP', 'E', NULL, NULL, NULL, NULL, NULL),
(46, '273', 'DMP-WALMART', '208D00000X', 'DM', 'E', NULL, NULL, NULL, NULL, NULL),
(47, '299', 'ADMINISTRACION', '2085N0700X', 'AD', 'E', NULL, NULL, NULL, NULL, NULL),
(48, '300', '1DMD GEN', '2085N0700X', 'DN', 'E', 1, 0, 0, '0000-00-00 00:00:00', '0000-00-00 00:00:00'),
(49, '320', '1DMD CIR-MAX', '1223P0106X', 'DN', 'E', 1, 0, 0, '0000-00-00 00:00:00', '0000-00-00 00:00:00'),
(50, '330', '1DMD PEDIA', '1223P0221X', 'DN', 'E', 1, 0, 0, '0000-00-00 00:00:00', '0000-00-00 00:00:00'),
(51, '340', '1DMD PERIO', '1223P0300X', 'DN', 'E', 1, 0, 0, '0000-00-00 00:00:00', '0000-00-00 00:00:00'),
(52, '360', '1DMD ORT', '1223X0400X', 'DN', 'E', 1, 0, 0, '0000-00-00 00:00:00', '0000-00-00 00:00:00'),
(53, '399', '1DMD OTHER CHARGES', '2085N0700X', 'OT', 'E', NULL, NULL, NULL, NULL, NULL),
(54, '900', 'ZZ OTHERS CARGOS', '2085N0700X', 'OT', 'E', NULL, NULL, NULL, NULL, NULL),
(55, '950', 'ZZ REFERRALS', '2085N0700X', 'REF', 'E', NULL, NULL, NULL, NULL, NULL);

INSERT INTO `support_rules` (`id`, `category`, `alert_type`, `description`, `service_type`, `service_text`, `service_code`, `service_code_type`, `age_start`, `age_end`, `sex`, `warning`, `past_due`, `reference`, `active`) VALUES
(1, 'C', 'P', 'Hypertension: Blood Pressure Measurement', '', '', '', '', 0, 0, '', '2W', '1D', 'no reference', 1),
(2, 'C', 'P', 'Tobacco Use Assessment', '', '', '', '', 18, 0, '', '2W', '1D', 'http://www.nlm.nih.gov/medlineplus/ency/article/007464.htm', 1),
(3, 'C', 'P', 'Adult Weight Screening and Follow-Up', '', '', '', '', 18, 0, '', '2W', '1D', '', 0),
(4, 'C', 'P', 'Cancer Screening: Colon Cancer Screening', '', '', '', '', 50, 0, '', '2W', '1D', '', 0),
(5, 'C', 'P', 'Cancer Screening: Mammogram', '', '', '', '', 50, 0, 'F', '2W', '1D', '', 0),
(6, 'C', 'P', 'Cancer Screening: Pap Smear', '', '', '', '', 18, 0, 'F', '2W', '1D', '', 0),
(7, 'C', 'P', 'Cancer Screening: Prostate Cancer Screening', '', '', '', '', 40, 0, 'M', '2W', '1D', '', 0),
(8, 'C', 'P', 'Coumadin Management - INR Monitoring', '', '', '', '', 0, 0, 'M', '2W', '1D', '', 0),
(9, 'C', 'P', 'Diabetes: Eye Exam', '', '', '', '', 0, 0, '', '2W', '1D', '', 0),
(10, 'C', 'P', 'Diabetes: Foot Exam', '', '', '', '', 0, 0, '', '2W', '1D', '', 0),
(11, 'C', 'P', 'Diabetes: Hemoglobin A1C', '', '', '', '', 0, 0, '', '2W', '1D', '', 0),
(12, 'C', 'P', 'Diabetes: Urine Microalbumin', '', '', '', '', 0, 0, '', '2W', '1D', '', 0),
(13, 'C', 'P', 'Influenza Immunization for Patients >= 50 Years Old', '', '', '', '', 50, 0, '', '2W', '1D', '', 0),
(14, 'C', 'P', 'Pneumonia Vaccination Status for Older Adults', '', '', '', '', 65, 0, '', '2W', '1D', '', 0),
(15, 'C', 'P', 'Tobacco Cessation Intervention', '', '', '', '', 0, 0, '', '2W', '1D', 'http://www.nlm.nih.gov/medlineplus/ency/article/007464.htm', 0),
(16, 'C', 'P', 'Weight Assessment and Counseling for Children and Adolescents', '', '', '', '', 2, 18, '', '2W', '1D', '', 0);

INSERT INTO `support_rule_concepts` (`id`, `rule_id`, `concept_type`, `concept_text`, `concept_code`, `concept_code_type`, `frequency`, `frequency_interval`, `frequency_operator`, `value`, `value_operator`) VALUES
(1, 1, 'MEDI', 'Lorazepam', '197900', 'RXCUI', 1, '1M', '==', '', ''),
(3, 1, 'PROC', 'Procedure test', '76831', 'CPT4', 1, '1Y', '<', '', ''),
(4, 1, 'PROB', 'Active Problen Test test', '46635009', 'SNOMED', 1, '1Y', '<', '', ''),
(5, 1, 'LAB', 'Active Problen Test test', '26515-7', 'LOINC', 1, '1Y', '<', '350000', '>'),
(6, 1, 'VITA', 'BP Systolic', '8480-6', 'LOINC', 1, '1Y', '<', '120', '>'),
(7, 1, 'ALLE', 'Med Test', '9524', 'RXNORM', 1, '1Y', '<', '', ''),
(8, 0, '', 'BMI', '59575-1', 'LOINC', 1, 'iY', '>', '30', '>'),
(9, 1, '', 'BMI', '59575-1', 'LOINC', 0, '', '', '30', '>='),
(12, 15, 'SOCI', 'Smoking Status', 'smoking_status', '', 1, '', '<', '', ''),
(13, 3, 'SOCI', 'Smoking Status', 'smoking_status', '', 1, '99Y', '<', '', ''),
(14, 2, 'SOCI', 'Smoking Status', 'smoking_status', '', 1, '99Y', '<', '', ''),
(15, 16, 'VITA', 'Weight (punds)', '3141-9', 'LOINC', 1, '1Y', '<', '', '');

INSERT INTO `version` (`id`, `v_major`, `v_minor`, `v_patch`, `v_tag`, `v_database`) VALUES
(1, 1, 0, 0, 'Vega', 1);

/*!40101 SET CHARACTER_SET_CLIENT=@OLD_CHARACTER_SET_CLIENT */;
/*!40101 SET CHARACTER_SET_RESULTS=@OLD_CHARACTER_SET_RESULTS */;
/*!40101 SET COLLATION_CONNECTION=@OLD_COLLATION_CONNECTION */;